{"type": "FeatureCollection", "name": "modis.ba.poly.season", "features": [{"type": "Feature", "properties": {"id": "289957", "FIREDATE": "2026-02-23 00:00:00", "LASTUPDATE": "2026-03-16 10:31:33.472633", "COUNTRY": "FR", "PROVINCE": "Landes", "COMMUNE": "Callen", "AREA_HA": "472", "BROADLEA": "0", "CONIFER": "0", "MIXED": "0", "SCLEROPH": "0", "TRANSIT": "0", "OTHERNATLC": "99.999999999979", "AGRIAREAS": "0", "ARTIFSURF": "0", "OTHERLC": "0", "PERCNA2K": "99.99999999999997", "CLASS": "FireSeason", "ts": 1771804800, "lu": 1773657093}, "geometry": {"type": "Polygon", "coordinates": [[[-0.4122599, 44.2539833], [-0.4104756, 44.2525134], [-0.4076103, 44.2494107], [-0.4061615, 44.2475975], [-0.4061288, 44.2470737], [-0.4061862, 44.246346], [-0.4063334, 44.2454145], [-0.4063731, 44.2446771], [-0.406305, 44.244134], [-0.4061951, 44.2437096], [-0.4060433, 44.2434041], [-0.405711, 44.2432428], [-0.4051981, 44.2432258], [-0.4047861, 44.2433247], [-0.4044751, 44.2435394], [-0.4040871, 44.2436816], [-0.403622, 44.2437514], [-0.403231, 44.2437909], [-0.402914, 44.2437999], [-0.4025389, 44.2436659], [-0.4021056, 44.2433887], [-0.4014958, 44.242671], [-0.4007094, 44.2415128], [-0.399619, 44.2400873], [-0.3982247, 44.2383945], [-0.3972561, 44.2371974], [-0.396713, 44.2364958], [-0.3964397, 44.2359619], [-0.3964361, 44.2355956], [-0.3966096, 44.235326], [-0.3969601, 44.2351532], [-0.3974189, 44.2350497], [-0.3979861, 44.2350154], [-0.3995051, 44.2348738], [-0.4019759, 44.2346246], [-0.4040641, 44.2344599], [-0.4057695, 44.2343795], [-0.4070578, 44.2344558], [-0.4079289, 44.2346888], [-0.4084015, 44.2351796], [-0.4084755, 44.2359284], [-0.4086353, 44.2364509], [-0.4088809, 44.2367469], [-0.4093321, 44.2368618], [-0.409989, 44.2367955], [-0.4105614, 44.2367034], [-0.4110494, 44.2365854], [-0.4113497, 44.2364863], [-0.4114624, 44.2364062], [-0.4116255, 44.2360803], [-0.4118389, 44.2355088], [-0.4119532, 44.2350045], [-0.4119684, 44.2345676], [-0.411996, 44.2341981], [-0.412036, 44.2338961], [-0.4124198, 44.2337314], [-0.4131474, 44.2337037], [-0.4141836, 44.233622], [-0.4155285, 44.2334863], [-0.4164449, 44.2333594], [-0.4169329, 44.2332413], [-0.4175032, 44.2331379], [-0.4181558, 44.2330491], [-0.4193912, 44.2329243], [-0.4212092, 44.2327635], [-0.4230763, 44.2326093], [-0.4249923, 44.2324615], [-0.4262233, 44.232486], [-0.4267693, 44.2326829], [-0.4273859, 44.2330904], [-0.4280733, 44.2337084], [-0.4290609, 44.2363014], [-0.4303489, 44.2408694], [-0.4313723, 44.2444327], [-0.4321309, 44.2469916], [-0.4324996, 44.2485585], [-0.4324782, 44.2491336], [-0.4322275, 44.2496746], [-0.4317473, 44.2501815], [-0.4298925, 44.2511826], [-0.4266627, 44.2526779], [-0.424208, 44.2537968], [-0.4225283, 44.2545394], [-0.4213682, 44.2549888], [-0.4207278, 44.2551452], [-0.4201126, 44.2550927], [-0.4195227, 44.2548315], [-0.4189319, 44.2544786], [-0.4183401, 44.2540342], [-0.4177514, 44.2536926], [-0.4171656, 44.2534538], [-0.4159832, 44.2534357], [-0.414204, 44.2536382], [-0.4129629, 44.2538207], [-0.4122599, 44.2539833]]]}}, {"type": "Feature", "properties": {"id": "288885", "FIREDATE": "2026-03-04 00:56:00", "LASTUPDATE": "2026-03-06 09:29:35.621535", "COUNTRY": "FR", "PROVINCE": "Landes", "COMMUNE": "Callen", "AREA_HA": "404", "BROADLEA": "0", "CONIFER": "0", "MIXED": "0", "SCLEROPH": "0", "TRANSIT": "0", "OTHERNATLC": "99.99999999997537", "AGRIAREAS": "0", "ARTIFSURF": "0", "OTHERLC": "0", "PERCNA2K": "99.99999999999996", "CLASS": "FireSeason", "ts": 1772585760, "lu": 1772789375}, "geometry": {"type": "Polygon", "coordinates": [[[-0.4120765, 44.2334576], [-0.4117315, 44.2324722], [-0.409467, 44.2327963], [-0.4094757, 44.2334141], [-0.408961, 44.2334073], [-0.4085312, 44.2338462], [-0.3953096, 44.2348928], [-0.3901921, 44.2287204], [-0.393951, 44.2260487], [-0.3935131, 44.2254718], [-0.3995736, 44.2205137], [-0.4010453, 44.2198399], [-0.4018847, 44.2189465], [-0.4027918, 44.2185171], [-0.4081444, 44.2154929], [-0.4096376, 44.2163932], [-0.4107293, 44.2154708], [-0.4097872, 44.2150404], [-0.4094237, 44.2141419], [-0.4098267, 44.2139318], [-0.413537, 44.2121546], [-0.413736, 44.2119664], [-0.4169446, 44.2099225], [-0.4227592, 44.2115803], [-0.4244448, 44.2153274], [-0.4245604, 44.2162825], [-0.4248278, 44.2184895], [-0.4250077, 44.2198335], [-0.4253577, 44.2224489], [-0.4248721, 44.2222705], [-0.4215836, 44.2210627], [-0.4191836, 44.2224518], [-0.4149333, 44.2231677], [-0.4142323, 44.2238521], [-0.4134214, 44.2239913], [-0.4125027, 44.2243248], [-0.4116385, 44.2248248], [-0.4112558, 44.225603], [-0.4113545, 44.2266594], [-0.4120903, 44.2274106], [-0.4134632, 44.2278568], [-0.4151029, 44.2288435], [-0.4170096, 44.2303708], [-0.4177732, 44.231532], [-0.4173936, 44.2323271], [-0.4165715, 44.2329261], [-0.4153068, 44.2333289], [-0.4140252, 44.2335099], [-0.4127268, 44.233469], [-0.4120765, 44.2334576]]]}}, {"type": "Feature", "properties": {"id": "431996", "FIREDATE": "2026-04-24 00:52:00", "LASTUPDATE": "2026-04-28 08:21:22.525515", "COUNTRY": "FR", "PROVINCE": "Charente-Maritime", "COMMUNE": "Montlieu-la-Garde", "AREA_HA": "3", "BROADLEA": "0", "CONIFER": "33.33333333222222", "MIXED": "66.66666666444443", "SCLEROPH": "0", "TRANSIT": "0", "OTHERNATLC": "0", "AGRIAREAS": "0", "ARTIFSURF": "0", "OTHERLC": "0", "PERCNA2K": "0", "CLASS": "FireSeason", "ts": 1776991920, "lu": 1777364482}, "geometry": {"type": "Polygon", "coordinates": [[[-0.2714224, 45.2041505], [-0.2712983, 45.2041343], [-0.2712185, 45.2041116], [-0.2711829, 45.2040824], [-0.2711917, 45.2040467], [-0.2712159, 45.204011], [-0.2712555, 45.2039755], [-0.2713106, 45.2039401], [-0.2713812, 45.2039048], [-0.2714272, 45.2038703], [-0.2714487, 45.2038366], [-0.2714456, 45.2038037], [-0.271418, 45.2037715], [-0.271376, 45.2037451], [-0.2713197, 45.2037244], [-0.2712491, 45.2037095], [-0.2711641, 45.2037004], [-0.2710806, 45.2036748], [-0.2709987, 45.2036327], [-0.2709183, 45.2035741], [-0.2708395, 45.2034989], [-0.2707608, 45.2034412], [-0.2706823, 45.203401], [-0.270604, 45.2033781], [-0.2705258, 45.2033727], [-0.2704671, 45.2033474], [-0.2704278, 45.2033022], [-0.2704079, 45.2032371], [-0.2704075, 45.2031521], [-0.270439, 45.2030852], [-0.2705024, 45.2030364], [-0.2705977, 45.2030058], [-0.270725, 45.2029933], [-0.2708431, 45.2030019], [-0.270952, 45.2030316], [-0.2710517, 45.2030823], [-0.2711423, 45.2031541], [-0.2712111, 45.2031921], [-0.2712581, 45.2031962], [-0.2712834, 45.2031664], [-0.271287, 45.2031028], [-0.2713174, 45.2030426], [-0.2713746, 45.2029857], [-0.2714588, 45.2029322], [-0.2715697, 45.2028821], [-0.2716581, 45.2028222], [-0.2717237, 45.2027525], [-0.2717667, 45.202673], [-0.2717871, 45.2025838], [-0.2718067, 45.2025028], [-0.2718255, 45.2024301], [-0.2718436, 45.2023656], [-0.2718608, 45.2023094], [-0.2719059, 45.2022739], [-0.2719787, 45.2022591], [-0.2720793, 45.2022651], [-0.2722077, 45.2022917], [-0.2723227, 45.2023082], [-0.2724242, 45.2023146], [-0.2725122, 45.2023109], [-0.2725867, 45.202297], [-0.2726566, 45.2022951], [-0.2727217, 45.2023051], [-0.2727821, 45.2023269], [-0.2728378, 45.2023607], [-0.2729319, 45.202394], [-0.2730646, 45.2024268], [-0.2732357, 45.2024591], [-0.2734452, 45.2024908], [-0.2735761, 45.2025554], [-0.2736282, 45.2026528], [-0.2736016, 45.202783], [-0.2734963, 45.202946], [-0.2733949, 45.2030884], [-0.2732973, 45.2032103], [-0.2732036, 45.2033116], [-0.2731138, 45.2033924], [-0.273032, 45.2034544], [-0.2729583, 45.2034976], [-0.2728927, 45.2035221], [-0.2728351, 45.2035277], [-0.2727869, 45.2035423], [-0.2727481, 45.2035657], [-0.2727186, 45.203598], [-0.2726986, 45.2036392], [-0.2726729, 45.2036837], [-0.2726417, 45.2037315], [-0.272605, 45.2037826], [-0.2725627, 45.2038369], [-0.27253, 45.203881], [-0.272507, 45.2039148], [-0.2724937, 45.2039385], [-0.2724901, 45.2039519], [-0.2724693, 45.2039649], [-0.2724315, 45.2039773], [-0.2723767, 45.2039892], [-0.2723048, 45.2040007], [-0.2722389, 45.2040115], [-0.2721791, 45.2040217], [-0.2721253, 45.2040314], [-0.2720777, 45.2040404], [-0.2720521, 45.2040565], [-0.2720488, 45.2040798], [-0.2720675, 45.2041101], [-0.2721085, 45.2041475], [-0.2721547, 45.2041719], [-0.2722062, 45.2041832], [-0.2722629, 45.2041814], [-0.2723249, 45.2041666], [-0.2723758, 45.2041578], [-0.2724154, 45.204155], [-0.2724437, 45.2041582], [-0.2724609, 45.2041674], [-0.2724713, 45.2041822], [-0.2724751, 45.2042026], [-0.2724723, 45.2042285], [-0.2724627, 45.2042599], [-0.2724365, 45.2042887], [-0.2723935, 45.2043147], [-0.2723338, 45.204338], [-0.2722574, 45.2043586], [-0.2721919, 45.2043792], [-0.2721371, 45.2043998], [-0.2720931, 45.2044205], [-0.2720599, 45.2044412], [-0.2720237, 45.2044579], [-0.2719844, 45.2044704], [-0.271942, 45.204479], [-0.2718966, 45.2044834], [-0.2718483, 45.2044811], [-0.2717972, 45.2044719], [-0.2717433, 45.2044559], [-0.2716866, 45.2044331], [-0.2716592, 45.204402], [-0.2716611, 45.2043626], [-0.2716923, 45.2043148], [-0.2717528, 45.2042587], [-0.271756, 45.2042143], [-0.2717021, 45.2041814], [-0.2715909, 45.2041601], [-0.2714224, 45.2041505]]]}}, {"type": "Feature", "properties": {"id": "530851", "FIREDATE": "2026-06-22 12:57:00", "LASTUPDATE": "2026-06-24 10:16:58.361012", "COUNTRY": "FR", "PROVINCE": "Charente-Maritime", "COMMUNE": "Montendre", "AREA_HA": "1", "BROADLEA": "0", "CONIFER": "0", "MIXED": "0", "SCLEROPH": "0", "TRANSIT": "99.999999995", "OTHERNATLC": "0", "AGRIAREAS": "0", "ARTIFSURF": "0", "OTHERLC": "0", "PERCNA2K": "0", "CLASS": "FireSeason", "ts": 1782133020, "lu": 1782296218}, "geometry": {"type": "Polygon", "coordinates": [[[-0.3996193, 45.2753986], [-0.3996114, 45.2753569], [-0.3996172, 45.2753232], [-0.3996368, 45.2752973], [-0.3996701, 45.2752794], [-0.3997171, 45.2752695], [-0.3997556, 45.275252], [-0.3997857, 45.2752271], [-0.3998073, 45.2751948], [-0.3998204, 45.275155], [-0.399818, 45.2751198], [-0.3997999, 45.275089], [-0.3997663, 45.2750628], [-0.3997171, 45.2750412], [-0.3996618, 45.2750128], [-0.3996007, 45.2749777], [-0.3995335, 45.274936], [-0.3994604, 45.2748875], [-0.3994019, 45.2748395], [-0.3993581, 45.2747921], [-0.399329, 45.2747452], [-0.3993146, 45.2746989], [-0.3993024, 45.2746517], [-0.3992923, 45.2746036], [-0.3992844, 45.2745546], [-0.3992787, 45.2745047], [-0.3992789, 45.2744582], [-0.3992848, 45.2744152], [-0.3992966, 45.2743755], [-0.3993142, 45.2743393], [-0.3993379, 45.2743057], [-0.3993678, 45.2742749], [-0.3994038, 45.2742467], [-0.399446, 45.2742213], [-0.399471, 45.274192], [-0.3994788, 45.2741587], [-0.3994694, 45.2741214], [-0.3994428, 45.2740803], [-0.3994216, 45.2740303], [-0.3994057, 45.2739715], [-0.3993952, 45.2739038], [-0.3993902, 45.2738274], [-0.399384, 45.27376], [-0.3993767, 45.2737016], [-0.3993683, 45.2736524], [-0.3993588, 45.2736122], [-0.3993504, 45.2735778], [-0.3993431, 45.2735493], [-0.3993369, 45.2735267], [-0.3993319, 45.27351], [-0.3993384, 45.2734821], [-0.3993564, 45.2734432], [-0.3993859, 45.2733931], [-0.399427, 45.273332], [-0.3994658, 45.273289], [-0.3995025, 45.2732641], [-0.3995369, 45.2732574], [-0.3995692, 45.2732688], [-0.3996203, 45.2733002], [-0.3996902, 45.2733516], [-0.399779, 45.2734231], [-0.3998866, 45.2735146], [-0.3999772, 45.2735906], [-0.4000507, 45.273651], [-0.4001071, 45.2736958], [-0.4001465, 45.2737251], [-0.40019, 45.2737486], [-0.4002376, 45.2737665], [-0.4002892, 45.2737786], [-0.400345, 45.273785], [-0.4003857, 45.2738088], [-0.4004114, 45.2738501], [-0.400422, 45.2739088], [-0.4004177, 45.2739848], [-0.4004096, 45.2740513], [-0.4003978, 45.2741083], [-0.4003823, 45.2741556], [-0.4003631, 45.2741933], [-0.4003514, 45.2742383], [-0.4003472, 45.2742905], [-0.4003505, 45.2743499], [-0.4003612, 45.2744165], [-0.4003819, 45.2744785], [-0.4004125, 45.2745358], [-0.4004531, 45.2745885], [-0.4005036, 45.2746366], [-0.4005346, 45.274679], [-0.4005463, 45.2747156], [-0.4005385, 45.2747466], [-0.4005114, 45.2747719], [-0.4004797, 45.2747959], [-0.4004436, 45.2748187], [-0.400403, 45.2748404], [-0.400358, 45.2748608], [-0.4003204, 45.2748804], [-0.4002901, 45.2748994], [-0.4002672, 45.2749175], [-0.4002517, 45.274935], [-0.4002485, 45.2749552], [-0.4002576, 45.2749782], [-0.4002789, 45.275004], [-0.4003125, 45.2750325], [-0.4003316, 45.2750588], [-0.4003362, 45.2750829], [-0.4003262, 45.2751048], [-0.4003017, 45.2751245], [-0.4002728, 45.2751406], [-0.4002395, 45.2751532], [-0.4002017, 45.2751623], [-0.4001595, 45.2751678], [-0.4001152, 45.2751795], [-0.4000687, 45.2751974], [-0.4000202, 45.2752215], [-0.3999695, 45.2752517], [-0.3999248, 45.2752814], [-0.3998861, 45.2753104], [-0.3998534, 45.2753389], [-0.3998267, 45.2753667], [-0.399797, 45.2753909], [-0.3997642, 45.2754114], [-0.3997284, 45.2754283], [-0.3996895, 45.2754414], [-0.3996583, 45.2754409], [-0.399635, 45.2754266], [-0.3996193, 45.2753986]]]}}, {"type": "Feature", "properties": {"id": "562331", "FIREDATE": "2026-07-07 13:53:00", "LASTUPDATE": "2026-07-22 07:36:44.470001", "COUNTRY": "FR", "PROVINCE": "Gironde", "COMMUNE": "Saint-Aubin-de-M\u00e9doc", "AREA_HA": "2", "BROADLEA": "0", "CONIFER": "99.999999995", "MIXED": "0", "SCLEROPH": "0", "TRANSIT": "0", "OTHERNATLC": "0", "AGRIAREAS": "0", "ARTIFSURF": "0", "OTHERLC": "0", "PERCNA2K": "0", "CLASS": "30DAYS", "ts": 1783432380, "lu": 1784705804}, "geometry": {"type": "Polygon", "coordinates": [[[-0.7688997, 44.9551673], [-0.7688055, 44.9548344], [-0.7688726, 44.9543928], [-0.768917, 44.9541668], [-0.7689385, 44.9541562], [-0.7690696, 44.9541343], [-0.7693104, 44.9541011], [-0.7695582, 44.954134], [-0.769813, 44.954233], [-0.7699959, 44.9543562], [-0.770107, 44.9545035], [-0.7701958, 44.9546573], [-0.7702623, 44.9548175], [-0.7703148, 44.9549667], [-0.7703535, 44.9551048], [-0.7703328, 44.9552407], [-0.7702528, 44.9553743], [-0.770145, 44.9554857], [-0.7700093, 44.9555749], [-0.7698252, 44.9556274], [-0.7695927, 44.9556431], [-0.7694281, 44.9556141], [-0.7693314, 44.9555405], [-0.7691552, 44.9553916], [-0.7688997, 44.9551673]]]}}, {"type": "Feature", "properties": {"id": "562332", "FIREDATE": "2026-07-07 13:53:00", "LASTUPDATE": "2026-07-22 07:36:54.184699", "COUNTRY": "FR", "PROVINCE": "Gironde", "COMMUNE": "Avensan", "AREA_HA": "1", "BROADLEA": "", "CONIFER": "", "MIXED": "", "SCLEROPH": "", "TRANSIT": "", "OTHERNATLC": "", "AGRIAREAS": "", "ARTIFSURF": "", "OTHERLC": "", "PERCNA2K": "0", "CLASS": "30DAYS", "ts": 1783432380, "lu": 1784705814}, "geometry": {"type": "Polygon", "coordinates": [[[-0.7737227, 44.9578655], [-0.7737158, 44.9576489], [-0.7739697, 44.9573803], [-0.7741922, 44.9572528], [-0.7743833, 44.9572665], [-0.7744901, 44.9573014], [-0.7745128, 44.9573576], [-0.7745982, 44.9574031], [-0.7747463, 44.9574379], [-0.7748719, 44.9575085], [-0.7749751, 44.9576148], [-0.7750115, 44.9577113], [-0.7749813, 44.957798], [-0.774891, 44.9578784], [-0.7747405, 44.9579525], [-0.77453, 44.9580202], [-0.7742593, 44.9580816], [-0.7739902, 44.95803], [-0.7737227, 44.9578655]]]}}, {"type": "Feature", "properties": {"id": "562334", "FIREDATE": "2026-07-14 12:00:00", "LASTUPDATE": "2026-07-22 07:38:15.881491", "COUNTRY": "FR", "PROVINCE": "Landes", "COMMUNE": "Sore", "AREA_HA": "50", "BROADLEA": "0", "CONIFER": "0", "MIXED": "0", "SCLEROPH": "0", "TRANSIT": "99.9999999998", "OTHERNATLC": "0", "AGRIAREAS": "0", "ARTIFSURF": "0", "OTHERLC": "0", "PERCNA2K": "0", "CLASS": "30DAYS", "ts": 1784030400, "lu": 1784705895}, "geometry": {"type": "Polygon", "coordinates": [[[-0.6409562, 44.2471466], [-0.6402217, 44.2479031], [-0.6400647, 44.2477044], [-0.6400636, 44.2475397], [-0.6402184, 44.247409], [-0.6402653, 44.2471821], [-0.6402045, 44.2468587], [-0.6401112, 44.2465746], [-0.6399854, 44.2463296], [-0.6398931, 44.2462101], [-0.6398345, 44.2462162], [-0.6396136, 44.2462605], [-0.6392306, 44.246343], [-0.6389643, 44.2464636], [-0.6388148, 44.2466223], [-0.6386814, 44.2467077], [-0.6385641, 44.2467198], [-0.6378466, 44.2467723], [-0.6365288, 44.2468652], [-0.6355957, 44.246725], [-0.6350472, 44.2463516], [-0.6345972, 44.2460254], [-0.6342458, 44.2457464], [-0.6338371, 44.2454804], [-0.633371, 44.2452275], [-0.6330952, 44.2449263], [-0.6330096, 44.2445769], [-0.6328072, 44.2441893], [-0.632488, 44.2437636], [-0.6322621, 44.243357], [-0.6321294, 44.2429694], [-0.6323185, 44.2427564], [-0.6328295, 44.2427181], [-0.633181, 44.2425743], [-0.6333733, 44.2423252], [-0.6335212, 44.242052], [-0.6336248, 44.2417547], [-0.6338516, 44.2412656], [-0.6342018, 44.2405846], [-0.6346241, 44.2400753], [-0.6351186, 44.2397377], [-0.6357391, 44.2397525], [-0.6364857, 44.2401198], [-0.6370547, 44.2403907], [-0.6374462, 44.2405653], [-0.6378298, 44.2406977], [-0.6382055, 44.2407879], [-0.6386408, 44.2407717], [-0.6391358, 44.240649], [-0.6395127, 44.2404811], [-0.6397716, 44.2402681], [-0.6400204, 44.2402138], [-0.6402592, 44.2403181], [-0.640656, 44.2405208], [-0.6412109, 44.2408218], [-0.6416466, 44.2411782], [-0.6419631, 44.2415898], [-0.642225, 44.2420285], [-0.6424323, 44.2424944], [-0.6426363, 44.2429964], [-0.6428373, 44.2435346], [-0.6429344, 44.2439975], [-0.6429276, 44.2443851], [-0.6422682, 44.2454348], [-0.6409562, 44.2471466]]]}}, {"type": "Feature", "properties": {"id": "562333", "FIREDATE": "2026-07-19 13:27:00", "LASTUPDATE": "2026-07-22 07:37:33.942577", "COUNTRY": "FR", "PROVINCE": "Gironde", "COMMUNE": "Castres-Gironde", "AREA_HA": "2", "BROADLEA": "0", "CONIFER": "0", "MIXED": "0", "SCLEROPH": "0", "TRANSIT": "99.999999995", "OTHERNATLC": "0", "AGRIAREAS": "0", "ARTIFSURF": "0", "OTHERLC": "0", "PERCNA2K": "0", "CLASS": "30DAYS", "ts": 1784467620, "lu": 1784705853}, "geometry": {"type": "Polygon", "coordinates": [[[-0.4442838, 44.6824138], [-0.4441193, 44.6822635], [-0.4439408, 44.6820382], [-0.4438305, 44.681813], [-0.4437884, 44.6815878], [-0.4437463, 44.6814148], [-0.4437042, 44.681294], [-0.4436117, 44.6811642], [-0.4434689, 44.6810257], [-0.4434845, 44.6809268], [-0.4436586, 44.6808676], [-0.4438354, 44.6808498], [-0.4440152, 44.6808734], [-0.4441675, 44.6809068], [-0.4442925, 44.6809498], [-0.444484, 44.6809062], [-0.4447422, 44.680776], [-0.4449257, 44.6807158], [-0.4450347, 44.6807257], [-0.4451249, 44.6807653], [-0.4451963, 44.6808346], [-0.4452365, 44.6808931], [-0.4452454, 44.6809408], [-0.4451996, 44.681008], [-0.4450989, 44.6810946], [-0.4449774, 44.6812006], [-0.4448353, 44.6813261], [-0.4447627, 44.6815107], [-0.4447595, 44.6817543], [-0.4447835, 44.6819604], [-0.4448345, 44.682129], [-0.4448393, 44.6822849], [-0.4447979, 44.6824281], [-0.4447552, 44.6825123], [-0.4447112, 44.6825376], [-0.4446443, 44.6825443], [-0.4445544, 44.6825325], [-0.4444342, 44.682489], [-0.4442838, 44.6824138]]]}}, {"type": "Feature", "properties": {"id": "562330", "FIREDATE": "2026-07-20 01:07:00", "LASTUPDATE": "2026-07-22 07:36:15.68011", "COUNTRY": "FR", "PROVINCE": "Gironde", "COMMUNE": "Ar\u00e8s", "AREA_HA": "3", "BROADLEA": "0", "CONIFER": "99.99999998999999", "MIXED": "0", "SCLEROPH": "0", "TRANSIT": "0", "OTHERNATLC": "0", "AGRIAREAS": "0", "ARTIFSURF": "0", "OTHERLC": "0", "PERCNA2K": "0", "CLASS": "30DAYS", "ts": 1784509620, "lu": 1784705775}, "geometry": {"type": "Polygon", "coordinates": [[[-1.1054366, 44.8019156], [-1.105373, 44.8015975], [-1.105295, 44.8012809], [-1.1052612, 44.8011116], [-1.1052715, 44.8010895], [-1.1053735, 44.8010105], [-1.1055673, 44.8008745], [-1.1059145, 44.8007693], [-1.1064151, 44.8006948], [-1.1066696, 44.8005681], [-1.106678, 44.800389], [-1.1067874, 44.8001625], [-1.1069977, 44.7998885], [-1.1071327, 44.7997535], [-1.1071925, 44.7997576], [-1.1072965, 44.7997622], [-1.1074448, 44.7997673], [-1.1075323, 44.7998366], [-1.1075589, 44.79997], [-1.1075382, 44.8001608], [-1.10747, 44.8004092], [-1.1073812, 44.800665], [-1.1072718, 44.8009282], [-1.107115, 44.8012122], [-1.1069108, 44.801517], [-1.1065778, 44.8018408], [-1.1061161, 44.8021836], [-1.1058038, 44.8023899], [-1.105641, 44.8024597], [-1.1055473, 44.8024697], [-1.1055226, 44.8024199], [-1.1054857, 44.8022352], [-1.1054366, 44.8019156]]]}}, {"type": "Feature", "properties": {"id": "569478", "FIREDATE": "2026-07-21 13:55:00", "LASTUPDATE": "2026-07-25 13:27:14.46025", "COUNTRY": "FR", "PROVINCE": "Gironde", "COMMUNE": "Pomp\u00e9jac", "AREA_HA": "1", "BROADLEA": "0", "CONIFER": "99.99999998999999", "MIXED": "0", "SCLEROPH": "0", "TRANSIT": "0", "OTHERNATLC": "0", "AGRIAREAS": "0", "ARTIFSURF": "0", "OTHERLC": "0", "PERCNA2K": "0", "CLASS": "7DAYS", "ts": 1784642100, "lu": 1784986034}, "geometry": {"type": "Polygon", "coordinates": [[[-0.2890654, 44.4062127], [-0.2891176, 44.4059315], [-0.2893807, 44.4054806], [-0.2896254, 44.4052262], [-0.2898516, 44.4051683], [-0.2900392, 44.4051956], [-0.2901881, 44.4053082], [-0.2902755, 44.4054623], [-0.2903014, 44.405658], [-0.2903276, 44.4058288], [-0.2903543, 44.4059748], [-0.2902615, 44.406115], [-0.2900492, 44.4062493], [-0.2897831, 44.4063324], [-0.2894632, 44.4063643], [-0.2892239, 44.4063244], [-0.2890654, 44.4062127]]]}}, {"type": "Feature", "properties": {"id": "562432", "FIREDATE": "2026-07-21 15:02:20.7", "LASTUPDATE": "2026-07-22 09:02:42.650724", "COUNTRY": "FR", "PROVINCE": "Gironde", "COMMUNE": "M\u00e9rignac", "AREA_HA": "7", "BROADLEA": "0", "CONIFER": "0", "MIXED": "0", "SCLEROPH": "0", "TRANSIT": "0", "OTHERNATLC": "0", "AGRIAREAS": "0", "ARTIFSURF": "99.99999999833334", "OTHERLC": "0", "PERCNA2K": "0", "CLASS": "7DAYS", "ts": 1784646140, "lu": 1784710962}, "geometry": {"type": "Polygon", "coordinates": [[[-0.6882699, 44.8260322], [-0.6877594, 44.8259535], [-0.6873164, 44.8258415], [-0.6869407, 44.8256964], [-0.6866324, 44.8255181], [-0.6864305, 44.8253177], [-0.6863351, 44.8250951], [-0.6863459, 44.8248503], [-0.6864632, 44.8245833], [-0.6866024, 44.8243478], [-0.6867634, 44.8241438], [-0.6869462, 44.8239713], [-0.687151, 44.8238303], [-0.6874203, 44.8237239], [-0.6877542, 44.8236521], [-0.6881528, 44.8236149], [-0.688616, 44.8236123], [-0.689019, 44.8236534], [-0.689362, 44.8237381], [-0.6896449, 44.8238665], [-0.6898677, 44.8240385], [-0.6900569, 44.8242553], [-0.6902125, 44.8245167], [-0.6903346, 44.8248228], [-0.6904232, 44.8251736], [-0.690437, 44.8254646], [-0.6903761, 44.8256958], [-0.6902405, 44.8258672], [-0.6900301, 44.8259788], [-0.6897278, 44.8260511], [-0.6893337, 44.8260841], [-0.6888477, 44.8260778], [-0.6882699, 44.8260322]]]}}, {"type": "Feature", "properties": {"id": "562583", "FIREDATE": "2026-07-22 11:55:00", "LASTUPDATE": "2026-07-23 07:45:17.536", "COUNTRY": "FR", "PROVINCE": "Gironde", "COMMUNE": "Porge", "AREA_HA": "38170", "BROADLEA": "0.27771227959862643", "CONIFER": "68.38795881474476", "MIXED": "1.8863475595378396", "SCLEROPH": "0", "TRANSIT": "25.968718069637596", "OTHERNATLC": "0.15457570279546187", "AGRIAREAS": "2.3841337210825477", "ARTIFSURF": "0.9326940711048208", "OTHERLC": "0.007859781498074333", "PERCNA2K": "0.7027231755076463", "CLASS": "7DAYS", "ts": 1784721300, "lu": 1784792717}, "geometry": {"type": "Polygon", "coordinates": [[[-0.9816593, 44.9696284], [-0.9814672, 44.9695584], [-0.9812326, 44.9694499], [-0.9809552, 44.9693031], [-0.9804705, 44.9688406], [-0.9797784, 44.9680626], [-0.9788406, 44.967193], [-0.9776572, 44.966232], [-0.9770562, 44.9657044], [-0.9770376, 44.9656102], [-0.9767547, 44.9655597], [-0.9762076, 44.9655528], [-0.9755451, 44.9653782], [-0.9747671, 44.9650359], [-0.9740502, 44.9643424], [-0.9733945, 44.9632977], [-0.9728999, 44.9625941], [-0.9725664, 44.9622314], [-0.9720475, 44.9617822], [-0.9713434, 44.9612465], [-0.9709212, 44.9608137], [-0.970781, 44.9604837], [-0.9707458, 44.9600234], [-0.9708155, 44.9594326], [-0.9707105, 44.9587145], [-0.9704307, 44.9578689], [-0.9706858, 44.9573647], [-0.9714756, 44.957202], [-0.9722366, 44.9570821], [-0.9729686, 44.957005], [-0.9735272, 44.9569492], [-0.9739123, 44.9569145], [-0.974067, 44.9567062], [-0.9739913, 44.9563242], [-0.9739438, 44.9558592], [-0.9739245, 44.9553112], [-0.9743394, 44.9547171], [-0.9751882, 44.9540768], [-0.9759218, 44.9535252], [-0.9765399, 44.9530623], [-0.9769959, 44.9526298], [-0.9772898, 44.9522276], [-0.9774109, 44.9518966], [-0.9773594, 44.9516369], [-0.9770251, 44.9515528], [-0.9764081, 44.9516443], [-0.9759987, 44.9517406], [-0.9757971, 44.9518418], [-0.9752073, 44.9514372], [-0.9742295, 44.950527], [-0.973527, 44.949873], [-0.9730998, 44.9494753], [-0.9725949, 44.9492767], [-0.9720122, 44.9492773], [-0.9713054, 44.949085], [-0.9704746, 44.9487], [-0.9695082, 44.947967], [-0.9684062, 44.9468859], [-0.9680893, 44.9459585], [-0.9685573, 44.9451847], [-0.9694494, 44.9445977], [-0.9707654, 44.9441975], [-0.9714227, 44.943815], [-0.9714213, 44.9434502], [-0.9715928, 44.9429651], [-0.9719371, 44.9423595], [-0.9723732, 44.9416844], [-0.9729009, 44.9409396], [-0.973033, 44.9402216], [-0.9727693, 44.9395303], [-0.9721839, 44.9388129], [-0.9712769, 44.9380695], [-0.9707777, 44.9372684], [-0.9706865, 44.9364095], [-0.9706377, 44.9359503], [-0.9706313, 44.9358905], [-0.9704268, 44.9353639], [-0.9700242, 44.9343704], [-0.9709334, 44.9329417], [-0.9731543, 44.9310778], [-0.9742679, 44.9301456], [-0.9742744, 44.9301452], [-0.9749159, 44.9300778], [-0.9761924, 44.9299433], [-0.9771363, 44.929703], [-0.9777476, 44.929357], [-0.9785776, 44.9287566], [-0.9796263, 44.9279019], [-0.980282, 44.9272796], [-0.9805446, 44.9268899], [-0.9806848, 44.9265077], [-0.9807024, 44.9261331], [-0.9811091, 44.9257086], [-0.9819048, 44.9252341], [-0.9828055, 44.9249935], [-0.983811, 44.9249867], [-0.9849639, 44.9250008], [-0.9862642, 44.9250359], [-0.9872037, 44.9246785], [-0.9877825, 44.9239287], [-0.9881059, 44.9235215], [-0.9881739, 44.9234569], [-0.9886891, 44.9232017], [-0.9896514, 44.9227557], [-0.9906538, 44.922723], [-0.9916963, 44.9231034], [-0.9922834, 44.9232907], [-0.992415, 44.9232849], [-0.9927081, 44.9232719], [-0.9931626, 44.9232519], [-0.9936534, 44.9232492], [-0.9941803, 44.923264], [-0.9945825, 44.9232919], [-0.9948597, 44.923333], [-0.9950873, 44.9234448], [-0.9952651, 44.9236271], [-0.9954956, 44.9237537], [-0.9957788, 44.9238243], [-0.9961244, 44.9238532], [-0.9965326, 44.9238403], [-0.9967488, 44.9237521], [-0.996773, 44.9235886], [-0.9965763, 44.9234183], [-0.9961587, 44.9232411], [-0.9957828, 44.9230244], [-0.9954487, 44.922768], [-0.9951133, 44.9225771], [-0.9947769, 44.9224518], [-0.9944629, 44.9224044], [-0.9941716, 44.9224352], [-0.9938169, 44.9224676], [-0.9933988, 44.9225017], [-0.9930204, 44.9224863], [-0.9926818, 44.9224215], [-0.9922264, 44.9223036], [-0.9916543, 44.9221327], [-0.9913467, 44.9219533], [-0.9913038, 44.9217654], [-0.991635, 44.9214462], [-0.9923402, 44.9209956], [-0.9928684, 44.9206369], [-0.9932196, 44.9203703], [-0.9944813, 44.9200075], [-0.9966534, 44.9195486], [-0.9977232, 44.9190338], [-0.9976908, 44.9184633], [-0.997098, 44.9181241], [-0.9959451, 44.9180163], [-0.9948997, 44.9178397], [-0.9939619, 44.9175943], [-0.9941837, 44.917083], [-0.9955651, 44.9163058], [-0.9960133, 44.9157132], [-0.9955282, 44.9153052], [-0.994862, 44.9150025], [-0.9940145, 44.914805], [-0.9929403, 44.9148897], [-0.9916391, 44.9152567], [-0.9910839, 44.9157171], [-0.9912746, 44.9162709], [-0.9912791, 44.9167009], [-0.9910973, 44.917007], [-0.9903843, 44.9172832], [-0.9891399, 44.9175293], [-0.9879351, 44.9177712], [-0.9867699, 44.918009], [-0.9859442, 44.9181248], [-0.9854581, 44.9181187], [-0.9847467, 44.9177919], [-0.9838101, 44.9171446], [-0.983048, 44.9167658], [-0.9824604, 44.9166556], [-0.9819873, 44.9170397], [-0.9816288, 44.9179181], [-0.9811547, 44.9183281], [-0.9805651, 44.9182695], [-0.9802752, 44.9181798], [-0.980285, 44.9180589], [-0.9797478, 44.9180458], [-0.9786638, 44.9181406], [-0.9778956, 44.9180979], [-0.9774432, 44.917918], [-0.9771863, 44.9175922], [-0.9771249, 44.9171207], [-0.9774823, 44.9168212], [-0.9782585, 44.9166938], [-0.9788278, 44.9167363], [-0.9791904, 44.9169484], [-0.9796216, 44.9170391], [-0.9801215, 44.9170081], [-0.9803856, 44.9168166], [-0.9804141, 44.9164646], [-0.9806996, 44.9161542], [-0.9812421, 44.9158854], [-0.9818757, 44.9155407], [-0.9826005, 44.9151199], [-0.983556, 44.9150478], [-0.9847424, 44.9153244], [-0.9853249, 44.9152055], [-0.9853038, 44.9146912], [-0.9861813, 44.9142256], [-0.9879574, 44.9138086], [-0.9885355, 44.9132597], [-0.9879156, 44.912579], [-0.9867522, 44.9122139], [-0.9850452, 44.9121644], [-0.9837452, 44.9121293], [-0.9828522, 44.9121088], [-0.9818069, 44.911932], [-0.9806096, 44.9115991], [-0.9800338, 44.9113442], [-0.9800795, 44.9111672], [-0.9803132, 44.9105112], [-0.9807347, 44.9093762], [-0.9806579, 44.9085808], [-0.9800827, 44.9081249], [-0.9792355, 44.9079273], [-0.9781162, 44.9079879], [-0.9776146, 44.9074955], [-0.9777307, 44.9064502], [-0.9780491, 44.9058139], [-0.9785698, 44.9055869], [-0.979548, 44.9054263], [-0.9809839, 44.9053323], [-0.9823857, 44.9052705], [-0.9837536, 44.905241], [-0.9843545, 44.9046036], [-0.9841885, 44.9033585], [-0.9834752, 44.9017979], [-0.9822147, 44.8999221], [-0.9812011, 44.8986802], [-0.9804343, 44.8980723], [-0.9798771, 44.8972988], [-0.9795296, 44.8963598], [-0.9785304, 44.896006], [-0.9768796, 44.8962375], [-0.975708, 44.8968489], [-0.9750156, 44.8978402], [-0.9738291, 44.8977644], [-0.9721485, 44.8966214], [-0.9709238, 44.8961479], [-0.9701546, 44.8963437], [-0.9685532, 44.897029], [-0.9661195, 44.8982037], [-0.9649329, 44.8996929], [-0.9649934, 44.9014967], [-0.9649752, 44.9024122], [-0.9648781, 44.9024394], [-0.9649159, 44.9026028], [-0.9650886, 44.9029023], [-0.9650632, 44.9031022], [-0.9648398, 44.9032025], [-0.9643859, 44.9032591], [-0.9637016, 44.9032721], [-0.9635786, 44.9038596], [-0.9640168, 44.9050219], [-0.964813, 44.9061114], [-0.9659671, 44.9071282], [-0.9672887, 44.9078966], [-0.9687777, 44.9084166], [-0.9702877, 44.909042], [-0.9718185, 44.9097729], [-0.9731035, 44.9106836], [-0.9741425, 44.911774], [-0.9746733, 44.9125948], [-0.9746959, 44.9131463], [-0.9740544, 44.9138446], [-0.9727489, 44.9146898], [-0.9711293, 44.9151527], [-0.9691958, 44.9152333], [-0.9677242, 44.9149115], [-0.9667144, 44.9141871], [-0.9657258, 44.9134606], [-0.9647585, 44.9127318], [-0.9627738, 44.911787], [-0.9597719, 44.9106263], [-0.957602, 44.9098394], [-0.9562642, 44.9094264], [-0.9551387, 44.9087398], [-0.9542254, 44.9077797], [-0.9526433, 44.9073206], [-0.9503924, 44.9073626], [-0.948942, 44.9077133], [-0.9482922, 44.9083727], [-0.947522, 44.9089795], [-0.9466314, 44.9095339], [-0.9456519, 44.9101168], [-0.9445834, 44.9107283], [-0.9436176, 44.9111753], [-0.9427544, 44.911458], [-0.9419418, 44.9118601], [-0.9411799, 44.9123817], [-0.9406456, 44.9126874], [-0.9403389, 44.9127773], [-0.9392985, 44.9129154], [-0.9375243, 44.9131017], [-0.9360909, 44.9131659], [-0.9349982, 44.9131079], [-0.9338052, 44.9130892], [-0.9325119, 44.9131098], [-0.9316046, 44.9130322], [-0.9310834, 44.9128566], [-0.9306607, 44.9126322], [-0.9303366, 44.9123591], [-0.9300018, 44.9118951], [-0.9296564, 44.9112403], [-0.9293563, 44.9106656], [-0.9291016, 44.9101712], [-0.9284241, 44.9099619], [-0.9273239, 44.9100378], [-0.9252056, 44.9099416], [-0.9220692, 44.9096733], [-0.9192516, 44.908177], [-0.9167528, 44.9054526], [-0.9151712, 44.9033511], [-0.9145064, 44.9018727], [-0.9142655, 44.9008073], [-0.9144483, 44.900155], [-0.9146296, 44.8996777], [-0.9148094, 44.8993756], [-0.9148797, 44.8991248], [-0.9148404, 44.8989254], [-0.9147519, 44.8984756], [-0.914614, 44.8977753], [-0.9144233, 44.8968066], [-0.9141797, 44.8955696], [-0.9141924, 44.8949117], [-0.9144612, 44.894833], [-0.9168138, 44.8936403], [-0.9212499, 44.8913335], [-0.9236003, 44.8898992], [-0.9238654, 44.8893374], [-0.9241924, 44.8886443], [-0.9245814, 44.8878199], [-0.9254449, 44.8870197], [-0.9267828, 44.8862436], [-0.9277762, 44.8852476], [-0.9284251, 44.8840317], [-0.928584, 44.8823793], [-0.9282532, 44.8802906], [-0.9271329, 44.8793178], [-0.9252229, 44.8794609], [-0.9232614, 44.8797528], [-0.9212485, 44.8801936], [-0.9201438, 44.8813829], [-0.9199472, 44.8833206], [-0.9182027, 44.8844946], [-0.9149101, 44.8849047], [-0.911836, 44.8851825], [-0.9089806, 44.8853281], [-0.9065826, 44.8852658], [-0.9046421, 44.8849958], [-0.9032721, 44.8853123], [-0.9024726, 44.8862153], [-0.9012429, 44.8867537], [-0.8995832, 44.8869275], [-0.8978412, 44.8870575], [-0.8960169, 44.8871438], [-0.8948219, 44.8870596], [-0.8942564, 44.8868048], [-0.893966, 44.8866725], [-0.8939507, 44.8866627], [-0.8930276, 44.886906], [-0.8911964, 44.8874021], [-0.8884475, 44.8890767], [-0.8847806, 44.8919297], [-0.8809379, 44.894367], [-0.8769194, 44.8963887], [-0.8742869, 44.8973109], [-0.8730406, 44.8971337], [-0.8723837, 44.8970812], [-0.8723163, 44.8971535], [-0.8705873, 44.897685], [-0.8671968, 44.8986756], [-0.8644798, 44.8983225], [-0.8624364, 44.8966256], [-0.8621784, 44.8946846], [-0.8637054, 44.8924995], [-0.865144, 44.8911602], [-0.8664943, 44.8906667], [-0.867169, 44.8901979], [-0.8671682, 44.8897537], [-0.8676635, 44.8889459], [-0.868655, 44.8877745], [-0.8699738, 44.8868359], [-0.87162, 44.8861301], [-0.8749443, 44.8848818], [-0.8799466, 44.883091], [-0.8827313, 44.8820284], [-0.8832988, 44.8816941], [-0.8836032, 44.8814698], [-0.8836445, 44.8813554], [-0.8838175, 44.880414], [-0.8841221, 44.8786457], [-0.885882, 44.8775027], [-0.8890971, 44.8769851], [-0.8915606, 44.875986], [-0.8932725, 44.8745055], [-0.897059, 44.8736253], [-0.9029202, 44.8733451], [-0.9062935, 44.8725912], [-0.9071791, 44.8713637], [-0.9074656, 44.8704326], [-0.907153, 44.8697979], [-0.9063824, 44.868744], [-0.9051539, 44.8672709], [-0.9021206, 44.8654528], [-0.8972828, 44.8632897], [-0.894787, 44.8615382], [-0.894633, 44.8601983], [-0.8939242, 44.858819], [-0.8926605, 44.8574003], [-0.8921966, 44.8560945], [-0.8925324, 44.8549016], [-0.8940453, 44.8541065], [-0.8967353, 44.853709], [-0.898846, 44.853776], [-0.9003773, 44.8543074], [-0.9021563, 44.854576], [-0.9041828, 44.8545818], [-0.9069749, 44.8547987], [-0.9105324, 44.8552267], [-0.912751, 44.855659], [-0.9136304, 44.8560957], [-0.9149217, 44.8558983], [-0.9166248, 44.855067], [-0.9186684, 44.8551927], [-0.9210525, 44.8562756], [-0.9224556, 44.857536], [-0.9228775, 44.8589739], [-0.9233455, 44.8599573], [-0.9238596, 44.8604862], [-0.9243042, 44.8609599], [-0.9246794, 44.8613785], [-0.9253209, 44.8618107], [-0.9262286, 44.8622566], [-0.928693, 44.8627264], [-0.9327141, 44.8632199], [-0.9349124, 44.8636759], [-0.9352877, 44.8640944], [-0.9360067, 44.8646225], [-0.9370695, 44.8652603], [-0.9380026, 44.8655369], [-0.9388059, 44.8654524], [-0.9392133, 44.8649933], [-0.9392246, 44.8641594], [-0.9390948, 44.8635793], [-0.938824, 44.863253], [-0.9383631, 44.8626977], [-0.9377123, 44.8619136], [-0.9376736, 44.8604505], [-0.938247, 44.8583085], [-0.9388882, 44.856659], [-0.9395971, 44.855502], [-0.9402129, 44.8547941], [-0.9407355, 44.8545352], [-0.9395349, 44.853668], [-0.9366113, 44.8521926], [-0.9332038, 44.8486352], [-0.929313, 44.842996], [-0.9277958, 44.8390264], [-0.9286515, 44.8367266], [-0.9307649, 44.8345854], [-0.9341358, 44.8326027], [-0.93841, 44.8306412], [-0.9435875, 44.8287008], [-0.9469546, 44.8275323], [-0.9485116, 44.8271357], [-0.9499982, 44.8272118], [-0.9514145, 44.8277606], [-0.9520189, 44.8284117], [-0.9518115, 44.8291652], [-0.9529294, 44.8288788], [-0.9553726, 44.8275526], [-0.9573721, 44.8271519], [-0.958928, 44.8276767], [-0.9602968, 44.8284795], [-0.9614783, 44.8295603], [-0.9639316, 44.8301339], [-0.9676566, 44.8302003], [-0.9721867, 44.8301839], [-0.9775218, 44.8300846], [-0.980127, 44.8299491], [-0.9800023, 44.8297777], [-0.9803062, 44.8297216], [-0.9810389, 44.829781], [-0.9814773, 44.8294835], [-0.9816214, 44.8288292], [-0.9811843, 44.8279787], [-0.980166, 44.826932], [-0.9787991, 44.825953], [-0.9770835, 44.8250419], [-0.9759447, 44.8241999], [-0.9753828, 44.8234273], [-0.9725624, 44.8211659], [-0.9674842, 44.8174156], [-0.9647659, 44.8145253], [-0.9644068, 44.8124952], [-0.9641039, 44.8107823], [-0.9638571, 44.8093865], [-0.9649587, 44.8080444], [-0.9674085, 44.8067562], [-0.9700027, 44.805392], [-0.9727412, 44.8039517], [-0.9744401, 44.8024505], [-0.9750996, 44.8008886], [-0.9747098, 44.7993226], [-0.9732708, 44.7977525], [-0.9718216, 44.7965657], [-0.9703622, 44.795762], [-0.9690503, 44.7950394], [-0.9678859, 44.7943981], [-0.9662047, 44.7938203], [-0.9640066, 44.7933061], [-0.9627446, 44.7922219], [-0.9624185, 44.7905681], [-0.9622412, 44.7896684], [-0.9622125, 44.789523], [-0.9620396, 44.7880321], [-0.9617224, 44.7851957], [-0.960772, 44.7835663], [-0.9591884, 44.783144], [-0.958145, 44.7828657], [-0.9576421, 44.7827316], [-0.9554141, 44.7824354], [-0.9514612, 44.781977], [-0.9471472, 44.781846], [-0.942472, 44.7820423], [-0.9382654, 44.7814487], [-0.9345275, 44.7800654], [-0.9318099, 44.7782292], [-0.9301125, 44.7759402], [-0.9272448, 44.7729847], [-0.923207, 44.7693624], [-0.917378, 44.7675569], [-0.9097573, 44.7675677], [-0.9048333, 44.7674843], [-0.902606, 44.7673071], [-0.9007124, 44.7676219], [-0.8991525, 44.7684288], [-0.8971521, 44.7692286], [-0.8947113, 44.7700212], [-0.8927685, 44.7707914], [-0.8913238, 44.7715391], [-0.8900573, 44.7729838], [-0.8889689, 44.7751254], [-0.8873558, 44.7767255], [-0.885218, 44.7777843], [-0.8812833, 44.7784349], [-0.8755518, 44.778677], [-0.8718171, 44.7779944], [-0.8700794, 44.7763872], [-0.8695375, 44.7746848], [-0.8701913, 44.7728871], [-0.8705022, 44.7719445], [-0.8704703, 44.7718571], [-0.8696585, 44.7712728], [-0.8680668, 44.7701915], [-0.8654959, 44.7679519], [-0.8619459, 44.764554], [-0.8605804, 44.7616457], [-0.8613989, 44.7592272], [-0.86209, 44.7577874], [-0.8626537, 44.7573263], [-0.8638955, 44.7562625], [-0.8658152, 44.7545959], [-0.866477, 44.7531941], [-0.865881, 44.7520571], [-0.8648674, 44.7506973], [-0.8634363, 44.7491146], [-0.8615054, 44.7480061], [-0.8590748, 44.7473719], [-0.8571314, 44.7469975], [-0.8556751, 44.7468832], [-0.854194, 44.7469908], [-0.8526881, 44.7473202], [-0.8512221, 44.7472763], [-0.849796, 44.7468591], [-0.8475248, 44.7459888], [-0.8444086, 44.7446655], [-0.8427561, 44.7439024], [-0.8425672, 44.7436995], [-0.8417542, 44.7426292], [-0.8403173, 44.7406916], [-0.8385231, 44.7394796], [-0.8363714, 44.7389934], [-0.8345421, 44.7385624], [-0.8330353, 44.7381865], [-0.8308166, 44.737996], [-0.8278858, 44.7379906], [-0.8261849, 44.738639], [-0.8257138, 44.7399414], [-0.8254282, 44.7406031], [-0.8253282, 44.7406241], [-0.8245369, 44.7411477], [-0.8230541, 44.7421739], [-0.8223151, 44.7427114], [-0.8223198, 44.7427603], [-0.8222756, 44.7427838], [-0.8221826, 44.742782], [-0.8184194, 44.7436124], [-0.8109856, 44.7452744], [-0.8033169, 44.7457268], [-0.7954137, 44.7449694], [-0.7899803, 44.7430174], [-0.7870166, 44.7398713], [-0.786628, 44.7371486], [-0.7888139, 44.7348492], [-0.7918095, 44.7331565], [-0.7956148, 44.7320703], [-0.797721, 44.731506], [-0.7981282, 44.7314636], [-0.7997476, 44.7312459], [-0.8025793, 44.7308527], [-0.8050449, 44.7304779], [-0.8071445, 44.7301215], [-0.8084978, 44.7301667], [-0.809105, 44.7306136], [-0.8097117, 44.7313252], [-0.8103179, 44.7323017], [-0.811047, 44.7330444], [-0.811899, 44.7335535], [-0.8123323, 44.7338178], [-0.812347, 44.7338373], [-0.8123733, 44.733853], [-0.8124115, 44.7338651], [-0.813059, 44.73407], [-0.814316, 44.7344676], [-0.8151488, 44.7346451], [-0.8155573, 44.7346026], [-0.816872, 44.7340453], [-0.8190928, 44.7329733], [-0.8202043, 44.7324367], [-0.8202064, 44.7324357], [-0.8210894, 44.7320587], [-0.8228534, 44.7313056], [-0.8248268, 44.7304688], [-0.8270096, 44.7295482], [-0.828155, 44.7289988], [-0.828263, 44.7288204], [-0.8284471, 44.7285166], [-0.8287072, 44.7280872], [-0.8286162, 44.7274501], [-0.8281742, 44.7266051], [-0.8275927, 44.7257734], [-0.8268718, 44.7249551], [-0.8262926, 44.7242977], [-0.8258552, 44.7238012], [-0.8249539, 44.7230246], [-0.8235888, 44.7219681], [-0.822772, 44.7212488], [-0.8225035, 44.7208668], [-0.8207424, 44.7197191], [-0.8174891, 44.7178057], [-0.8158473, 44.7167839], [-0.815817, 44.7166538], [-0.8167743, 44.7165894], [-0.8187191, 44.7165906], [-0.8208243, 44.7170717], [-0.82309, 44.7180327], [-0.8254166, 44.7180853], [-0.8278041, 44.7172296], [-0.8304321, 44.7167015], [-0.8333004, 44.716501], [-0.8382868, 44.7168688], [-0.8453913, 44.7178048], [-0.8513031, 44.719013], [-0.8560221, 44.7204937], [-0.8586129, 44.7212782], [-0.8590754, 44.7213669], [-0.8596104, 44.7217546], [-0.8602179, 44.7224413], [-0.861153, 44.7236122], [-0.862416, 44.7252674], [-0.8653292, 44.7269454], [-0.8698929, 44.7286461], [-0.8737793, 44.7298869], [-0.8769883, 44.7306679], [-0.8808823, 44.7315447], [-0.8854615, 44.732517], [-0.8889878, 44.7335158], [-0.8914613, 44.7345411], [-0.8947358, 44.7356061], [-0.8988113, 44.7367107], [-0.9011643, 44.7377719], [-0.9017947, 44.73879], [-0.9055715, 44.7405628], [-0.9124952, 44.74309], [-0.9173071, 44.7449877], [-0.9200069, 44.7462561], [-0.922415, 44.7466398], [-0.9245313, 44.7461388], [-0.9263696, 44.7459869], [-0.9279297, 44.7461841], [-0.9292811, 44.7466097], [-0.9304238, 44.7472637], [-0.9316219, 44.748015], [-0.9328754, 44.7488638], [-0.9341857, 44.7494485], [-0.9355529, 44.7497691], [-0.9371721, 44.7504503], [-0.9390433, 44.751492], [-0.9405653, 44.7524157], [-0.941738, 44.7532212], [-0.9427341, 44.7538648], [-0.9435534, 44.7543462], [-0.9445849, 44.754986], [-0.9458288, 44.755784], [-0.9478062, 44.7567727], [-0.9505171, 44.7579521], [-0.954137, 44.7583914], [-0.9586659, 44.7580904], [-0.9625834, 44.7573136], [-0.9658892, 44.756061], [-0.9690816, 44.7554811], [-0.9721606, 44.7555741], [-0.9743285, 44.7556169], [-0.9755851, 44.7556098], [-0.977859, 44.7555968], [-0.9811501, 44.755578], [-0.9844646, 44.7558315], [-0.9878023, 44.7563574], [-0.9903517, 44.7567697], [-0.9921128, 44.7570683], [-0.9933522, 44.7576342], [-0.99407, 44.7584675], [-0.9946952, 44.7593771], [-0.9952277, 44.7603632], [-0.9955588, 44.7609062], [-0.9956884, 44.7610062], [-0.9962943, 44.7612767], [-0.9973767, 44.7617177], [-0.9985702, 44.7621085], [-0.9998748, 44.7624493], [-1.0016531, 44.762941], [-1.0039052, 44.7635837], [-1.0054138, 44.7636633], [-1.006179, 44.76318], [-1.0067907, 44.7623968], [-1.007249, 44.7613139], [-1.0076291, 44.760584], [-1.0079312, 44.7602072], [-1.0086059, 44.759743], [-1.0096534, 44.7591914], [-1.0111754, 44.7584554], [-1.0131719, 44.757535], [-1.0151515, 44.7565972], [-1.0171141, 44.7556419], [-1.0189977, 44.7546951], [-1.0208021, 44.7537565], [-1.0222193, 44.7526962], [-1.0232493, 44.7515142], [-1.0246497, 44.7502844], [-1.0264206, 44.7490068], [-1.0291088, 44.7482109], [-1.0327143, 44.7478968], [-1.0351073, 44.7477948], [-1.0362879, 44.7479052], [-1.0373888, 44.7480997], [-1.03841, 44.7483782], [-1.0390622, 44.7483604], [-1.0393454, 44.7480463], [-1.0398046, 44.7475143], [-1.0404398, 44.7467642], [-1.0411202, 44.7462421], [-1.0418458, 44.7459478], [-1.0425647, 44.7463926], [-1.043277, 44.7475766], [-1.0439212, 44.7482992], [-1.0444973, 44.7485605], [-1.0449888, 44.749103], [-1.0453956, 44.7499267], [-1.0456504, 44.7504426], [-1.0457531, 44.7506504], [-1.0453432, 44.7513929], [-1.0444205, 44.7526699], [-1.0440225, 44.7536274], [-1.0441491, 44.7542655], [-1.0443156, 44.7547752], [-1.0445219, 44.7551565], [-1.0452861, 44.7553855], [-1.0466081, 44.7554621], [-1.0474214, 44.7554997], [-1.047726, 44.7554984], [-1.0480522, 44.7553861], [-1.0483999, 44.755163], [-1.0495155, 44.7548582], [-1.0513989, 44.7544717], [-1.0527515, 44.7544829], [-1.0535732, 44.7548918], [-1.0546748, 44.7555036], [-1.0560564, 44.7563184], [-1.0569665, 44.7567334], [-1.0574051, 44.7567488], [-1.0577706, 44.756834], [-1.0580627, 44.756989], [-1.0584461, 44.7572739], [-1.0589205, 44.7576888], [-1.0593856, 44.7582753], [-1.0598412, 44.7590334], [-1.0603443, 44.7598665], [-1.0608949, 44.7607744], [-1.0611198, 44.7612517], [-1.0610188, 44.7612983], [-1.0609501, 44.7613607], [-1.0609135, 44.7614389], [-1.0612176, 44.7615921], [-1.0618626, 44.7618204], [-1.0627879, 44.7622788], [-1.0639936, 44.7629672], [-1.0646562, 44.7635464], [-1.0647757, 44.7640163], [-1.0645726, 44.7644371], [-1.0640469, 44.7648087], [-1.0634917, 44.7653597], [-1.062907, 44.7660903], [-1.0628406, 44.7665429], [-1.0632924, 44.7667176], [-1.0638304, 44.7666696], [-1.0644544, 44.7663989], [-1.0651896, 44.7660978], [-1.0660362, 44.7657663], [-1.0664886, 44.765616], [-1.0665469, 44.765647], [-1.066882, 44.7658247], [-1.0674941, 44.7661494], [-1.0681383, 44.7663987], [-1.0688146, 44.7665727], [-1.0691633, 44.7667127], [-1.0691844, 44.7668187], [-1.0700633, 44.7673853], [-1.0718, 44.7684126], [-1.0735048, 44.769218], [-1.0751777, 44.7698018], [-1.0762202, 44.7699071], [-1.0766324, 44.7695341], [-1.0768401, 44.7693447], [-1.0768431, 44.7693388], [-1.0769489, 44.769137], [-1.0771574, 44.7687393], [-1.0773961, 44.7684222], [-1.0776652, 44.7681857], [-1.0783526, 44.7680345], [-1.0794583, 44.7679685], [-1.0804005, 44.7681191], [-1.081179, 44.7684864], [-1.0817279, 44.7688002], [-1.0820474, 44.7690605], [-1.0821934, 44.7692441], [-1.082166, 44.769351], [-1.0819665, 44.7696926], [-1.0815949, 44.7702692], [-1.0814785, 44.7706563], [-1.0816174, 44.7708539], [-1.0819229, 44.771289], [-1.0823952, 44.7719613], [-1.082568, 44.7726506], [-1.0824411, 44.7733569], [-1.0826754, 44.7736783], [-1.0832709, 44.7736148], [-1.0839872, 44.7734864], [-1.0848244, 44.7732932], [-1.0853621, 44.7731838], [-1.0856003, 44.7731584], [-1.085731, 44.773387], [-1.0857542, 44.7738694], [-1.0861876, 44.7741522], [-1.0870313, 44.7742354], [-1.0881556, 44.7743232], [-1.0895606, 44.7744157], [-1.0910185, 44.7744073], [-1.0925293, 44.774298], [-1.0935286, 44.7741218], [-1.0940165, 44.7738788], [-1.0946092, 44.7738308], [-1.0953066, 44.7739777], [-1.0958866, 44.7740181], [-1.0963491, 44.7739517], [-1.096617, 44.7739303], [-1.0966903, 44.7739539], [-1.0972537, 44.7739492], [-1.098307, 44.7739161], [-1.0990885, 44.7738723], [-1.0995983, 44.7738179], [-1.1002849, 44.7738107], [-1.1011483, 44.7738508], [-1.1030822, 44.7735714], [-1.1060865, 44.7729722], [-1.1079646, 44.7726016], [-1.1087166, 44.7724595], [-1.1092004, 44.772368], [-1.109416, 44.7723273], [-1.1098373, 44.7722469], [-1.1104642, 44.7721269], [-1.1110818, 44.7721469], [-1.1116902, 44.7723069], [-1.1120944, 44.7725615], [-1.1122943, 44.7729108], [-1.1125564, 44.7732746], [-1.1128805, 44.7736529], [-1.1134295, 44.7739843], [-1.1142033, 44.774269], [-1.1149083, 44.7749951], [-1.1155447, 44.7761624], [-1.115979, 44.7770204], [-1.1162112, 44.777569], [-1.1165514, 44.7778256], [-1.1169996, 44.7777901], [-1.117819, 44.7776401], [-1.1190094, 44.7773755], [-1.1197601, 44.7774074], [-1.1200709, 44.7777357], [-1.1206474, 44.7779919], [-1.1214898, 44.778176], [-1.1224284, 44.7782454], [-1.1234631, 44.7782002], [-1.1240534, 44.7781744], [-1.1241991, 44.778168], [-1.12437, 44.7782167], [-1.1245658, 44.7783204], [-1.1246718, 44.7784006], [-1.1246878, 44.7784572], [-1.1249226, 44.7785831], [-1.1253763, 44.7787784], [-1.1254257, 44.779436], [-1.1250707, 44.7805561], [-1.1246791, 44.7811969], [-1.1242509, 44.7813584], [-1.1239941, 44.7813975], [-1.123909, 44.781314], [-1.123192, 44.7814311], [-1.1218431, 44.7817488], [-1.1207037, 44.7820788], [-1.1197737, 44.782421], [-1.119295, 44.7826456], [-1.1192677, 44.7827525], [-1.1193509, 44.7831683], [-1.1195445, 44.783893], [-1.1199186, 44.784607], [-1.1204733, 44.7853104], [-1.1210178, 44.7856334], [-1.1215521, 44.7855763], [-1.1218621, 44.7855431], [-1.1219477, 44.7855339], [-1.1221472, 44.7854606], [-1.1224606, 44.785323], [-1.1227349, 44.785233], [-1.1229699, 44.7851905], [-1.1236766, 44.7851928], [-1.124855, 44.78524], [-1.1257609, 44.7853251], [-1.1263944, 44.7854479], [-1.1270397, 44.7855088], [-1.1276971, 44.7855078], [-1.1280448, 44.7855275], [-1.1280828, 44.785568], [-1.128253, 44.7857491], [-1.1285554, 44.7860709], [-1.1288393, 44.7864082], [-1.1291048, 44.7867611], [-1.129498, 44.7870224], [-1.1300191, 44.7871919], [-1.1304345, 44.7872155], [-1.1307443, 44.787093], [-1.1309742, 44.7870022], [-1.1311241, 44.786943], [-1.13124, 44.7868972], [-1.1313219, 44.7868648], [-1.1313058, 44.7868092], [-1.1311915, 44.7867303], [-1.1310343, 44.7863465], [-1.130834, 44.7856576], [-1.1336316, 44.7851061], [-1.139427, 44.7846916], [-1.1426737, 44.7852671], [-1.1433717, 44.7868329], [-1.1436943, 44.7876136], [-1.1436416, 44.7876092], [-1.1433473, 44.7876788], [-1.1428114, 44.7878224], [-1.1424391, 44.7880776], [-1.1422303, 44.7884445], [-1.1418805, 44.7889126], [-1.1413896, 44.7894819], [-1.1409496, 44.7896009], [-1.1405605, 44.7892694], [-1.1402644, 44.7892007], [-1.1400613, 44.7893947], [-1.1397425, 44.7897159], [-1.139308, 44.7901644], [-1.138772, 44.7906094], [-1.1381344, 44.7910509], [-1.137573, 44.7914699], [-1.1370878, 44.7918664], [-1.1369409, 44.7923414], [-1.1371325, 44.792895], [-1.1372593, 44.7932454], [-1.1373212, 44.7933925], [-1.1374367, 44.7936672], [-1.1376059, 44.7940694], [-1.1374185, 44.7944406], [-1.1368747, 44.7947807], [-1.1364203, 44.7949128], [-1.1360554, 44.7948371], [-1.1356374, 44.794785], [-1.1351664, 44.7947566], [-1.1346923, 44.794768], [-1.1342151, 44.7948191], [-1.1338525, 44.7949171], [-1.1336045, 44.7950619], [-1.1332497, 44.7951709], [-1.1327879, 44.795244], [-1.1324533, 44.795205], [-1.1322457, 44.7950538], [-1.1318832, 44.794931], [-1.1313658, 44.7948366], [-1.130791, 44.7948154], [-1.1301588, 44.7948673], [-1.1298078, 44.7950783], [-1.1297379, 44.7954485], [-1.1296882, 44.7957534], [-1.1296586, 44.7959931], [-1.1296221, 44.7962257], [-1.1295786, 44.7964511], [-1.1297481, 44.7966616], [-1.1301307, 44.7968571], [-1.1303275, 44.7969543], [-1.1303383, 44.7969532], [-1.1304243, 44.7969952], [-1.1305854, 44.7970805], [-1.1307774, 44.7972373], [-1.1310005, 44.7974657], [-1.1312677, 44.7976381], [-1.131579, 44.7977546], [-1.1318819, 44.797801], [-1.1321763, 44.7977773], [-1.1324235, 44.7976562], [-1.1326235, 44.7974377], [-1.1327491, 44.7972902], [-1.1328002, 44.7972138], [-1.1328715, 44.7971549], [-1.132963, 44.7971136], [-1.1331993, 44.7970488], [-1.1335805, 44.7969607], [-1.1340187, 44.7969086], [-1.134514, 44.7968926], [-1.1347828, 44.7969101], [-1.1348251, 44.7969611], [-1.1346911, 44.7972185], [-1.1343806, 44.7976824], [-1.1341991, 44.7979171], [-1.1341465, 44.7979227], [-1.1338108, 44.7979587], [-1.1331921, 44.798025], [-1.1327303, 44.7982036], [-1.1324255, 44.7984946], [-1.132242, 44.7988875], [-1.1321797, 44.7993821], [-1.1320583, 44.7997827], [-1.1318776, 44.8000891], [-1.1317252, 44.800335], [-1.131601, 44.8005206], [-1.1314006, 44.8008291], [-1.1311239, 44.8012606], [-1.1311322, 44.8017047], [-1.1314253, 44.8021613], [-1.1313998, 44.8025372], [-1.1310555, 44.8028324], [-1.1310328, 44.8032224], [-1.1313316, 44.8037071], [-1.1317067, 44.8038678], [-1.1321581, 44.8037047], [-1.132823, 44.8035447], [-1.1337014, 44.803388], [-1.134345, 44.8034769], [-1.1347539, 44.8038114], [-1.1349119, 44.8040127], [-1.134819, 44.8040808], [-1.1344407, 44.8041207], [-1.1337769, 44.8041326], [-1.1333649, 44.8042064], [-1.1332047, 44.804342], [-1.1330038, 44.804482], [-1.1327621, 44.8046264], [-1.1326645, 44.8047109], [-1.1327111, 44.8047356], [-1.132893, 44.8048642], [-1.1332102, 44.8050969], [-1.1336047, 44.8051953], [-1.1340763, 44.8051596], [-1.1345247, 44.8050597], [-1.1349498, 44.8048957], [-1.1353332, 44.8047864], [-1.1356748, 44.8047319], [-1.136175, 44.8049742], [-1.1368339, 44.8055134], [-1.1371897, 44.8061025], [-1.1372423, 44.8067416], [-1.1371078, 44.8071646], [-1.1367861, 44.8073713], [-1.1363092, 44.8077094], [-1.1356771, 44.808179], [-1.1357587, 44.808687], [-1.1365541, 44.8092333], [-1.1374398, 44.8096264], [-1.1384159, 44.8098663], [-1.1389659, 44.8099814], [-1.1390897, 44.8099717], [-1.1394203, 44.8102167], [-1.1399577, 44.8107165], [-1.1407025, 44.8107968], [-1.1416547, 44.8104577], [-1.1424671, 44.8102522], [-1.1431397, 44.8101801], [-1.1440992, 44.8100328], [-1.1453454, 44.8098103], [-1.14605, 44.8095347], [-1.1462131, 44.8092062], [-1.1462802, 44.8088657], [-1.1462511, 44.8085133], [-1.1460124, 44.8082056], [-1.1455641, 44.8079426], [-1.1446879, 44.8078221], [-1.143384, 44.8078439], [-1.1427118, 44.8078279], [-1.1426714, 44.8077743], [-1.1425328, 44.8075592], [-1.1422959, 44.8071827], [-1.1419264, 44.8068491], [-1.1414243, 44.8065584], [-1.1410717, 44.8062087], [-1.1408687, 44.8057999], [-1.1406686, 44.8053046], [-1.1404713, 44.8047229], [-1.1403175, 44.8043583], [-1.1402072, 44.8042106], [-1.1400691, 44.803723], [-1.1399032, 44.8028956], [-1.1399022, 44.802186], [-1.1400659, 44.8015943], [-1.1404639, 44.8009632], [-1.1410959, 44.8002926], [-1.1422018, 44.7998727], [-1.1437815, 44.7997033], [-1.1445741, 44.7998336], [-1.1445796, 44.8002636], [-1.1447167, 44.800616], [-1.1449851, 44.8008909], [-1.1451628, 44.8010728], [-1.1452497, 44.8011617], [-1.1457642, 44.8012418], [-1.1467064, 44.801313], [-1.1474483, 44.8010899], [-1.14799, 44.8005725], [-1.148266, 44.8002893], [-1.1482763, 44.8002404], [-1.1483384, 44.7999467], [-1.1484523, 44.7994081], [-1.1486503, 44.7987362], [-1.1489325, 44.7979308], [-1.149477, 44.7975279], [-1.1502837, 44.7975275], [-1.1511694, 44.7976191], [-1.152134, 44.7978026], [-1.1529805, 44.7980958], [-1.1537089, 44.7984984], [-1.1542307, 44.7987869], [-1.154546, 44.7989612], [-1.1548729, 44.7989871], [-1.1552114, 44.7988647], [-1.155863, 44.7985938], [-1.1568277, 44.7981744], [-1.157798, 44.7979841], [-1.158774, 44.7980229], [-1.1595835, 44.7982374], [-1.1602267, 44.7986276], [-1.1604158, 44.7989739], [-1.1601509, 44.7992761], [-1.1598871, 44.7994219], [-1.1596245, 44.799411], [-1.1592443, 44.7994956], [-1.1587467, 44.7996757], [-1.1584669, 44.7998323], [-1.1584047, 44.7999656], [-1.1583238, 44.8001536], [-1.1582243, 44.8003964], [-1.158187, 44.8005797], [-1.1582119, 44.8007037], [-1.1586556, 44.8008459], [-1.1595181, 44.8010065], [-1.1604013, 44.8010488], [-1.1613053, 44.8009728], [-1.1619314, 44.8008423], [-1.1622797, 44.8006572], [-1.1623854, 44.8003715], [-1.1622485, 44.7999854], [-1.1621034, 44.7996317], [-1.1619499, 44.7993106], [-1.1618575, 44.7991184], [-1.1618261, 44.7990552], [-1.1619292, 44.7988262], [-1.1621669, 44.7984316], [-1.1626214, 44.7980977], [-1.1632927, 44.7978247], [-1.1640628, 44.797541], [-1.1649315, 44.7972467], [-1.1655464, 44.7970946], [-1.1659074, 44.7970845], [-1.1665449, 44.7969442], [-1.1674587, 44.7966738], [-1.1679765, 44.7963598], [-1.1680982, 44.7960024], [-1.1682502, 44.7958542], [-1.1684325, 44.7959153], [-1.1685962, 44.7960857], [-1.1687413, 44.7963655], [-1.1687912, 44.7966872], [-1.1687456, 44.7970508], [-1.1688307, 44.7973265], [-1.1690463, 44.7975143], [-1.1695315, 44.7975677], [-1.1702861, 44.7974865], [-1.1710428, 44.7973419], [-1.1718015, 44.7971338], [-1.1724027, 44.7968054], [-1.1728462, 44.7963568], [-1.1730057, 44.7958965], [-1.1728812, 44.7954246], [-1.1726281, 44.7949771], [-1.1722466, 44.7945539], [-1.1718692, 44.7941514], [-1.1714959, 44.7937695], [-1.1714108, 44.7931246], [-1.1716137, 44.7922165], [-1.1714125, 44.7916579], [-1.1708071, 44.7914487], [-1.1703966, 44.7910286], [-1.1701808, 44.7903977], [-1.1701434, 44.789621], [-1.1702841, 44.7886986], [-1.1706591, 44.7879092], [-1.1712684, 44.7872529], [-1.1717222, 44.7865606], [-1.1720205, 44.7858322], [-1.1721101, 44.7853326], [-1.171991, 44.7850616], [-1.1719366, 44.7849218], [-1.1719468, 44.7849131], [-1.1722705, 44.7845874], [-1.1729077, 44.7839447], [-1.174044, 44.783277], [-1.1756794, 44.7825844], [-1.1769792, 44.7821288], [-1.1779436, 44.7819102], [-1.1779745, 44.7816629], [-1.1770721, 44.7813868], [-1.1763783, 44.7811456], [-1.1758932, 44.7809394], [-1.175676, 44.7806613], [-1.1757266, 44.7803114], [-1.1757293, 44.7799235], [-1.1756841, 44.7794978], [-1.1754275, 44.7794249], [-1.1749595, 44.7797049], [-1.1744577, 44.7802182], [-1.1739221, 44.7809648], [-1.1734514, 44.7817331], [-1.1730455, 44.7825232], [-1.1726988, 44.7830054], [-1.1724112, 44.7831799], [-1.171614, 44.7830407], [-1.1703071, 44.7825877], [-1.1695191, 44.7820506], [-1.1692501, 44.7814293], [-1.1691566, 44.7809908], [-1.1692386, 44.7807351], [-1.1694572, 44.7802509], [-1.1698123, 44.779538], [-1.1700997, 44.7790235], [-1.1703193, 44.7787072], [-1.1693657, 44.7783708], [-1.1672389, 44.7780143], [-1.1655157, 44.7779643], [-1.1641961, 44.7782209], [-1.1626284, 44.7784468], [-1.1608125, 44.7786419], [-1.1589402, 44.778355], [-1.1570115, 44.777586], [-1.155348, 44.7765302], [-1.1539496, 44.7751876], [-1.152681, 44.7736875], [-1.1515421, 44.7720299], [-1.1504541, 44.7706252], [-1.1494168, 44.7694734], [-1.1487291, 44.7684564], [-1.148391, 44.767574], [-1.1483968, 44.7669993], [-1.1487464, 44.7667321], [-1.1496654, 44.7670928], [-1.1511537, 44.7680813], [-1.1522756, 44.7690517], [-1.1530311, 44.7700041], [-1.1538204, 44.7707232], [-1.1546436, 44.7712089], [-1.1557487, 44.7718941], [-1.1571358, 44.7727786], [-1.1582974, 44.7731418], [-1.1592335, 44.7729839], [-1.159919, 44.7728405], [-1.160354, 44.7727117], [-1.1605698, 44.7726386], [-1.1605663, 44.7726211], [-1.1606249, 44.7726037], [-1.1607457, 44.7725865], [-1.1610596, 44.7725419], [-1.1615667, 44.7724697], [-1.1621184, 44.772422], [-1.1627149, 44.7723986], [-1.1633863, 44.7724735], [-1.1641327, 44.7726466], [-1.1653573, 44.7727565], [-1.1670603, 44.7728031], [-1.1686843, 44.7728582], [-1.1702294, 44.7729218], [-1.1720958, 44.7725775], [-1.1742835, 44.7718255], [-1.1757325, 44.7712103], [-1.1764429, 44.7707319], [-1.1773316, 44.7710071], [-1.1783989, 44.7720359], [-1.179367, 44.7725118], [-1.1802359, 44.7724348], [-1.1811375, 44.7721574], [-1.1820719, 44.7716795], [-1.1825762, 44.7714052], [-1.1826503, 44.7713343], [-1.1829487, 44.7712078], [-1.1834715, 44.7710258], [-1.1842208, 44.7710185], [-1.1851966, 44.7711859], [-1.1859893, 44.771394], [-1.1865987, 44.7716428], [-1.1872926, 44.7720188], [-1.188071, 44.7725219], [-1.1890471, 44.7729827], [-1.1902207, 44.7734013], [-1.1914624, 44.7740117], [-1.1927722, 44.7748138], [-1.1938207, 44.7754437], [-1.1946078, 44.7759012], [-1.1955763, 44.7757113], [-1.1967263, 44.774874], [-1.1981271, 44.7744321], [-1.1997788, 44.7743854], [-1.2009567, 44.7743658], [-1.2016607, 44.7743732], [-1.2026682, 44.7747233], [-1.2039794, 44.7754159], [-1.2057742, 44.7758117], [-1.2080526, 44.7759104], [-1.2100197, 44.7758149], [-1.2116757, 44.7755253], [-1.2126759, 44.7751917], [-1.2130204, 44.7748143], [-1.2137933, 44.7746359], [-1.2149946, 44.7746566], [-1.2163366, 44.7750256], [-1.2178193, 44.7757428], [-1.2187432, 44.7764827], [-1.2191083, 44.7772454], [-1.2203152, 44.7778169], [-1.2223639, 44.7781972], [-1.2236865, 44.7787311], [-1.2242831, 44.7794186], [-1.2247492, 44.7800701], [-1.2250847, 44.7806855], [-1.2262595, 44.7810975], [-1.2282737, 44.781306], [-1.2296652, 44.7816569], [-1.2304339, 44.7821503], [-1.2308491, 44.7826524], [-1.2309108, 44.7831631], [-1.2310488, 44.783475], [-1.2312632, 44.7835881], [-1.2315343, 44.7837551], [-1.2318622, 44.7839757], [-1.2321654, 44.7842072], [-1.2324441, 44.7844496], [-1.2326981, 44.7847027], [-1.2329276, 44.7849667], [-1.2331324, 44.7852416], [-1.2333126, 44.7855272], [-1.2334854, 44.7858137], [-1.2336506, 44.786101], [-1.2338084, 44.7863891], [-1.2339586, 44.786678], [-1.2341014, 44.7869677], [-1.2342367, 44.7872583], [-1.2343645, 44.7875496], [-1.2344848, 44.7878417], [-1.23455, 44.788002], [-1.2345602, 44.7880305], [-1.2343676, 44.788293], [-1.233972, 44.7887895], [-1.2335493, 44.7895215], [-1.2330993, 44.7904889], [-1.2328601, 44.7910429], [-1.2328316, 44.7911836], [-1.232629, 44.7912806], [-1.2322521, 44.7913339], [-1.2318814, 44.7915518], [-1.2315168, 44.7919343], [-1.2311916, 44.7924126], [-1.2309058, 44.7929867], [-1.2307463, 44.7933899], [-1.2307129, 44.7936222], [-1.2308626, 44.7942636], [-1.2311954, 44.7953141], [-1.2314434, 44.7960967], [-1.2316065, 44.7966114], [-1.2316809, 44.7968762], [-1.2316668, 44.7968911], [-1.2315453, 44.7970144], [-1.2313165, 44.7972462], [-1.2310932, 44.7974679], [-1.2308756, 44.7976794], [-1.2306636, 44.7978808], [-1.2304572, 44.798072], [-1.2302564, 44.7982531], [-1.2300612, 44.798424], [-1.2298716, 44.7985848], [-1.2296876, 44.7987355], [-1.2294882, 44.7988832], [-1.2292734, 44.7990278], [-1.2290431, 44.7991694], [-1.2287974, 44.799308], [-1.2285362, 44.7994436], [-1.2282596, 44.7995762], [-1.2279676, 44.7997058], [-1.2276601, 44.7998323], [-1.2273853, 44.7999444], [-1.2271432, 44.8000421], [-1.2269337, 44.8001253], [-1.2267568, 44.8001941], [-1.2266126, 44.8002484], [-1.226501, 44.8002883], [-1.2264221, 44.8003137], [-1.2263758, 44.8003247], [-1.226321, 44.8003723], [-1.2262578, 44.8004565], [-1.226186, 44.8005773], [-1.2261058, 44.8007347], [-1.2260171, 44.8009286], [-1.2259199, 44.8011592], [-1.2258143, 44.8014263], [-1.2257001, 44.8017301], [-1.2255267, 44.8020578], [-1.225294, 44.8024095], [-1.2250021, 44.8027852], [-1.2246509, 44.8031849], [-1.2242405, 44.8036086], [-1.2237708, 44.8040563], [-1.2232419, 44.8045279], [-1.2226536, 44.8050236], [-1.2221573, 44.8054049], [-1.2217528, 44.805672], [-1.2214869, 44.8063432], [-1.2213598, 44.8074188], [-1.2204566, 44.8089946], [-1.2187775, 44.8110707], [-1.2165446, 44.8126036], [-1.2137579, 44.8135933], [-1.2107677, 44.8141742], [-1.2075738, 44.8143464], [-1.2052152, 44.814658], [-1.2036919, 44.8151093], [-1.2021856, 44.8156449], [-1.2006963, 44.8162647], [-1.1997016, 44.8165852], [-1.1992014, 44.8166065], [-1.1988265, 44.8167761], [-1.198577, 44.817094], [-1.1978632, 44.8176841], [-1.1966851, 44.8185464], [-1.1953846, 44.8193935], [-1.1939618, 44.8202256], [-1.192803, 44.8209867], [-1.1919082, 44.821677], [-1.1911133, 44.8220737], [-1.1904183, 44.8221768], [-1.1886529, 44.8222961], [-1.1858171, 44.8224316], [-1.1834873, 44.8225125], [-1.1816635, 44.822539], [-1.1796256, 44.8226875], [-1.1773737, 44.8229579], [-1.1761087, 44.8231929], [-1.1758308, 44.8233924], [-1.1753249, 44.8238428], [-1.1745912, 44.8245439], [-1.1735988, 44.8250465], [-1.1723477, 44.8253506], [-1.171055, 44.8258431], [-1.1697206, 44.8265238], [-1.1681665, 44.8272989], [-1.1663927, 44.8281682], [-1.1651165, 44.8285456], [-1.164338, 44.8284312], [-1.1637763, 44.8282087], [-1.1634314, 44.8278781], [-1.1630588, 44.827706], [-1.1626584, 44.8276924], [-1.1621718, 44.8279426], [-1.1615991, 44.8284566], [-1.1609124, 44.828898], [-1.1601116, 44.8292668], [-1.1593637, 44.8297996], [-1.1586686, 44.8304964], [-1.1584129, 44.8311036], [-1.1585965, 44.8316213], [-1.1589997, 44.8322426], [-1.1596227, 44.8329677], [-1.1596645, 44.8336702], [-1.1591251, 44.8343503], [-1.1587225, 44.8347735], [-1.1584567, 44.8349397], [-1.1581564, 44.8351275], [-1.1578216, 44.8353368], [-1.157593, 44.8359289], [-1.1574707, 44.8369036], [-1.1574374, 44.8375294], [-1.1574931, 44.8378062], [-1.1580354, 44.8381298], [-1.1590644, 44.8385002], [-1.1601256, 44.8387369], [-1.161219, 44.8388399], [-1.1618213, 44.8391677], [-1.1619324, 44.8397204], [-1.1620231, 44.8400821], [-1.1620933, 44.840253], [-1.1624618, 44.8403919], [-1.1631285, 44.8404988], [-1.1635471, 44.8407087], [-1.1637176, 44.8410218], [-1.1638907, 44.8414365], [-1.1640663, 44.8419529], [-1.1639485, 44.8423479], [-1.1635375, 44.8426214], [-1.1630187, 44.8428046], [-1.1623921, 44.8428973], [-1.1611514, 44.843056], [-1.1592965, 44.8432805], [-1.1582914, 44.8437197], [-1.1581361, 44.8443736], [-1.1581562, 44.8449194], [-1.1583518, 44.8453572], [-1.1592091, 44.8456986], [-1.1607282, 44.8459434], [-1.1621846, 44.8460547], [-1.1635784, 44.8460326], [-1.1647941, 44.846106], [-1.165832, 44.8462749], [-1.1667771, 44.846696], [-1.1676296, 44.8473691], [-1.1683393, 44.8480449], [-1.168906, 44.8487232], [-1.1699399, 44.8495886], [-1.1714408, 44.850641], [-1.1723211, 44.8515328], [-1.1725807, 44.8522638], [-1.172984, 44.8527189], [-1.173531, 44.8528981], [-1.1741544, 44.8532515], [-1.1748541, 44.853779], [-1.1754738, 44.8544356], [-1.1760136, 44.8552213], [-1.176248, 44.8556481], [-1.1761769, 44.855716], [-1.1764883, 44.8561044], [-1.1771822, 44.8568133], [-1.177725, 44.8577193], [-1.1781169, 44.8588222], [-1.1783723, 44.8598796], [-1.1784914, 44.8608913], [-1.178509, 44.8615227], [-1.1784252, 44.8617738], [-1.1784859, 44.8619817], [-1.1786913, 44.8621464], [-1.1789014, 44.8624612], [-1.1791163, 44.8629262], [-1.1791364, 44.8636273], [-1.1789618, 44.8645647], [-1.1786967, 44.8652535], [-1.1783411, 44.8656936], [-1.1779742, 44.8660775], [-1.1775959, 44.8664052], [-1.1773419, 44.8667483], [-1.1772122, 44.8671067], [-1.1767577, 44.8674569], [-1.1759783, 44.867799], [-1.1751452, 44.8681197], [-1.1742581, 44.868419], [-1.1737113, 44.8688154], [-1.1735046, 44.8693089], [-1.1731791, 44.8695757], [-1.1727348, 44.8696158], [-1.1726476, 44.8700469], [-1.1729174, 44.870869], [-1.1730449, 44.8717838], [-1.1730301, 44.8727915], [-1.1731961, 44.8733577], [-1.1735428, 44.8734826], [-1.1743428, 44.8737709], [-1.1755961, 44.8742224], [-1.1764707, 44.874579], [-1.1769666, 44.8748406], [-1.1775422, 44.8753411], [-1.1781977, 44.8760803], [-1.1784637, 44.8767715], [-1.1783401, 44.8774145], [-1.1780881, 44.8780489], [-1.1777078, 44.8786745], [-1.175951, 44.879538], [-1.1728175, 44.8806392], [-1.1703611, 44.8814877], [-1.1685818, 44.8820835], [-1.1671986, 44.8821355], [-1.1662115, 44.8816437], [-1.1653766, 44.8814427], [-1.1646937, 44.8815326], [-1.1641415, 44.8815722], [-1.1637199, 44.8815616], [-1.1633951, 44.8815534], [-1.1631668, 44.8815476], [-1.1623804, 44.8816169], [-1.1610358, 44.8817611], [-1.1595951, 44.8818295], [-1.1580583, 44.8818221], [-1.1574021, 44.882017], [-1.1576263, 44.8824144], [-1.1579089, 44.8829152], [-1.1582499, 44.8835193], [-1.1581068, 44.8839698], [-1.1574797, 44.8842667], [-1.1566322, 44.8843719], [-1.1555643, 44.8842854], [-1.1542704, 44.8842806], [-1.1527505, 44.8843574], [-1.1514199, 44.8844713], [-1.1502786, 44.8846223], [-1.1493966, 44.8846175], [-1.1487739, 44.884457], [-1.1481716, 44.8844539], [-1.1475897, 44.884608], [-1.1472974, 44.8846855], [-1.1472946, 44.8846865], [-1.147281, 44.8846409], [-1.1472567, 44.8845486], [-1.1471258, 44.8841133], [-1.1468885, 44.8833349], [-1.1467162, 44.8826788], [-1.1466088, 44.8821449], [-1.1466569, 44.8816805], [-1.1468602, 44.8812855], [-1.1468122, 44.8809462], [-1.1465128, 44.8806625], [-1.145993, 44.8804886], [-1.1452529, 44.8804243], [-1.1442444, 44.8802309], [-1.1429676, 44.8799084], [-1.1422106, 44.8798603], [-1.1419733, 44.8800866], [-1.1419337, 44.8805932], [-1.1420918, 44.88138], [-1.1422132, 44.8820846], [-1.1422979, 44.8827071], [-1.142295, 44.8832958], [-1.1422046, 44.8838509], [-1.1418119, 44.8842087], [-1.1411169, 44.8843692], [-1.1406677, 44.884446], [-1.1404643, 44.8844391], [-1.1403767, 44.8845059], [-1.140405, 44.8846464], [-1.1404078, 44.8849619], [-1.1403851, 44.8854523], [-1.1404953, 44.8858998], [-1.1407382, 44.8863043], [-1.1408511, 44.8866654], [-1.1408342, 44.886983], [-1.1407965, 44.8871984], [-1.1407382, 44.8873116], [-1.1406365, 44.887509], [-1.1404913, 44.8877908], [-1.1407776, 44.8880081], [-1.1414952, 44.8881609], [-1.1418935, 44.8883335], [-1.1419726, 44.888526], [-1.1415997, 44.8886807], [-1.1407747, 44.8887977], [-1.1402533, 44.8887988], [-1.1400355, 44.8886838], [-1.139914, 44.888582], [-1.1398889, 44.8884933], [-1.1394186, 44.8882827], [-1.1385033, 44.8879501], [-1.137828, 44.8879075], [-1.1373929, 44.888155], [-1.1368702, 44.8882684], [-1.13626, 44.8882476], [-1.1358588, 44.8882618], [-1.1356667, 44.8883111], [-1.1354943, 44.8884587], [-1.1353417, 44.8887046], [-1.1351043, 44.8892324], [-1.134782, 44.8900419], [-1.1343383, 44.8907496], [-1.1337731, 44.8913554], [-1.1332955, 44.891794], [-1.1329055, 44.8920654], [-1.1327904, 44.8925036], [-1.13295, 44.8931088], [-1.132777, 44.8936717], [-1.1322714, 44.8941923], [-1.1320608, 44.8946242], [-1.1321453, 44.8949674], [-1.1320242, 44.8952541], [-1.1316976, 44.8954841], [-1.1312234, 44.896063], [-1.1306015, 44.8969906], [-1.130251, 44.8976596], [-1.1301717, 44.8980699], [-1.1298041, 44.8990565], [-1.1291481, 44.9006193], [-1.1288086, 44.9018852], [-1.1287855, 44.9028543], [-1.128248, 44.9041754], [-1.1271962, 44.9058485], [-1.1258618, 44.9081684], [-1.1242447, 44.911135], [-1.1228485, 44.9127252], [-1.1216735, 44.912939], [-1.1206908, 44.9138553], [-1.1199004, 44.9154743], [-1.118671, 44.9178579], [-1.1170024, 44.9210061], [-1.1163337, 44.9228843], [-1.1166649, 44.9234924], [-1.1174815, 44.9241521], [-1.1187833, 44.9248634], [-1.1188382, 44.9258728], [-1.1176461, 44.9271804], [-1.1150678, 44.9284739], [-1.1111033, 44.9297532], [-1.1086962, 44.9306401], [-1.1078467, 44.9311349], [-1.1073839, 44.9317812], [-1.107308, 44.9325791], [-1.107266, 44.9332387], [-1.1072578, 44.9337601], [-1.1071073, 44.934697], [-1.1068147, 44.9360495], [-1.1060528, 44.9370316], [-1.1048218, 44.9376433], [-1.1036382, 44.9379296], [-1.1025023, 44.9378906], [-1.101615, 44.9375447], [-1.1009764, 44.9368921], [-1.1005497, 44.9364744], [-1.1003346, 44.9362916], [-1.0993977, 44.9363227], [-1.0977387, 44.9365678], [-1.0966382, 44.9367597], [-1.096096, 44.9368983], [-1.0954221, 44.9373747], [-1.0946164, 44.9381887], [-1.0939583, 44.9388858], [-1.0934477, 44.9394661], [-1.0916815, 44.9401801], [-1.0886596, 44.9410277], [-1.0868814, 44.9416822], [-1.0863469, 44.9421436], [-1.0845049, 44.9427644], [-1.0813554, 44.9435445], [-1.0789476, 44.9439018], [-1.0772816, 44.9438362], [-1.0749858, 44.9437567], [-1.0720604, 44.9436632], [-1.0702509, 44.9435926], [-1.0695574, 44.9435449], [-1.0691985, 44.9437449], [-1.069174, 44.9441925], [-1.0683603, 44.9446834], [-1.0667573, 44.9452178], [-1.0656126, 44.9457642], [-1.0649263, 44.9463225], [-1.0644432, 44.9468997], [-1.0641634, 44.9474957], [-1.063573, 44.9478213], [-1.0626721, 44.9478766], [-1.061958, 44.9482962], [-1.0614308, 44.9490803], [-1.0606005, 44.9499168], [-1.0594671, 44.9508057], [-1.0588046, 44.9513412], [-1.058613, 44.9515234], [-1.0573969, 44.9517131], [-1.0551563, 44.9519105], [-1.0527957, 44.9523632], [-1.0503151, 44.9530713], [-1.0492576, 44.95377], [-1.0496232, 44.9544593], [-1.0502085, 44.9551433], [-1.0510134, 44.955822], [-1.0511569, 44.9562043], [-1.0506389, 44.95629], [-1.0494597, 44.9575575], [-1.0476193, 44.9600067], [-1.0460311, 44.9611804], [-1.0446954, 44.9610785], [-1.0437159, 44.9611617], [-1.0430925, 44.96143], [-1.042747, 44.9615245], [-1.0426796, 44.961445], [-1.0417809, 44.9612422], [-1.0400512, 44.960916], [-1.0386293, 44.9607424], [-1.0375154, 44.9607215], [-1.0365109, 44.9607584], [-1.0356159, 44.9608532], [-1.0344118, 44.9614439], [-1.0328986, 44.9625305], [-1.0317118, 44.9636173], [-1.0308514, 44.9647042], [-1.030341, 44.9654181], [-1.0301807, 44.965759], [-1.02773, 44.9663193], [-1.0229889, 44.9670989], [-1.0202555, 44.9673152], [-1.01953, 44.9669685], [-1.0175473, 44.9674686], [-1.0143075, 44.9688153], [-1.01205, 44.9699642], [-1.0107748, 44.9709152], [-1.0102824, 44.9715917], [-1.0105727, 44.9719937], [-1.0106902, 44.9723018], [-1.0106349, 44.972516], [-1.0102842, 44.973132], [-1.0096381, 44.9741498], [-1.0091094, 44.9746919], [-1.0086983, 44.9747585], [-1.0080453, 44.974758], [-1.0071504, 44.9746905], [-1.0064793, 44.9745992], [-1.006032, 44.9744843], [-1.0056901, 44.9742426], [-1.0054535, 44.9738739], [-1.0051889, 44.9734306], [-1.0048964, 44.9729127], [-1.0043643, 44.972599], [-1.0035925, 44.9724895], [-1.0030065, 44.9722297], [-1.0026061, 44.9718197], [-1.0019828, 44.9714605], [-1.0011365, 44.9711521], [-0.9995736, 44.970906], [-0.9972944, 44.9707223], [-0.9959456, 44.9706127], [-0.9955274, 44.9705773], [-0.9950763, 44.9707141], [-0.9945922, 44.9710232], [-0.9942439, 44.9712455], [-0.9940314, 44.9713812], [-0.9932523, 44.9718249], [-0.9919066, 44.9725768], [-0.9904122, 44.9731454], [-0.9887693, 44.9735308], [-0.9873623, 44.9736924], [-0.9861912, 44.9736302], [-0.9850205, 44.9733824], [-0.9838504, 44.9729489], [-0.9827669, 44.9723869], [-0.9817701, 44.9716964], [-0.9813926, 44.9709292], [-0.9816344, 44.9700853], [-0.9816593, 44.9696284]], [[-1.1055411, 44.8024573], [-1.1055412, 44.8024574], [-1.1055416, 44.8024582], [-1.1055423, 44.8024596], [-1.1055434, 44.8024619], [-1.105545, 44.802465], [-1.1055461, 44.8024674], [-1.1055469, 44.8024689], [-1.1055487, 44.8024696], [-1.1055517, 44.8024692], [-1.1055561, 44.8024688], [-1.1055619, 44.8024681], [-1.1055693, 44.8024674], [-1.105578, 44.8024664], [-1.1055883, 44.8024653], [-1.1056, 44.8024641], [-1.1056103, 44.802463], [-1.1056191, 44.802462], [-1.1056264, 44.8024613], [-1.1056322, 44.8024606], [-1.1056366, 44.8024602], [-1.1056396, 44.8024599], [-1.1056436, 44.8024586], [-1.1056487, 44.8024564], [-1.105655, 44.8024537], [-1.1056625, 44.8024505], [-1.1056664, 44.8024488], [-1.1056668, 44.8024486], [-1.1056671, 44.8024485], [-1.1056671, 44.8024485], [-1.1056672, 44.8024485], [-1.1056672, 44.8024485], [-1.1056673, 44.8024485], [-1.1056673, 44.8024485], [-1.1056673, 44.8024485], [-1.1056673, 44.8024485], [-1.1056673, 44.8024485], [-1.1056673, 44.8024485], [-1.1056673, 44.8024485], [-1.1056673, 44.8024485], [-1.1056673, 44.8024485], [-1.1056673, 44.8024485], [-1.1056673, 44.8024484], [-1.1056673, 44.8024484], [-1.1056673, 44.8024484], [-1.1056673, 44.8024484], [-1.1056674, 44.8024484], [-1.1056674, 44.8024484], [-1.1056675, 44.8024484], [-1.1056676, 44.8024483], [-1.1056677, 44.8024483], [-1.1056677, 44.8024483], [-1.1056687, 44.8024478], [-1.1056706, 44.802447], [-1.1056722, 44.8024463], [-1.1056734, 44.8024458], [-1.1056744, 44.8024454], [-1.1056751, 44.8024451], [-1.1056756, 44.8024449], [-1.1056761, 44.8024447], [-1.1056764, 44.8024445], [-1.1056765, 44.8024445], [-1.1056766, 44.8024445], [-1.1056766, 44.8024444], [-1.1056767, 44.8024444], [-1.1056767, 44.8024444], [-1.1056767, 44.8024444], [-1.1056767, 44.8024444], [-1.1056767, 44.8024444], [-1.1056767, 44.8024444], [-1.1056767, 44.8024444], [-1.1056767, 44.8024444], [-1.1056767, 44.8024444], [-1.1056767, 44.8024444], [-1.1056767, 44.8024444], [-1.1056767, 44.8024444], [-1.1056767, 44.8024444], [-1.1056767, 44.8024444], [-1.1056767, 44.8024444], [-1.1056767, 44.8024444], [-1.1056767, 44.8024444], [-1.1056767, 44.8024444], [-1.1056767, 44.8024444], [-1.1056767, 44.8024444], [-1.1056767, 44.8024444], [-1.1056767, 44.8024444], [-1.1056767, 44.8024444], [-1.1056767, 44.8024444], [-1.1056767, 44.8024444], [-1.1056768, 44.8024444], [-1.1056769, 44.8024443], [-1.1056772, 44.8024442], [-1.105681, 44.8024426], [-1.1056883, 44.8024394], [-1.105697, 44.8024357], [-1.1057072, 44.8024313], [-1.1057165, 44.8024273], [-1.105725, 44.8024237], [-1.1057311, 44.8024211], [-1.1057349, 44.8024195], [-1.1057368, 44.8024186], [-1.1057369, 44.8024186], [-1.1057369, 44.8024186], [-1.105737, 44.8024186], [-1.105737, 44.8024186], [-1.105737, 44.8024186], [-1.105737, 44.8024186], [-1.105737, 44.8024186], [-1.105737, 44.8024186], [-1.105737, 44.8024186], [-1.105737, 44.8024186], [-1.105737, 44.8024186], [-1.105737, 44.8024186], [-1.105737, 44.8024186], [-1.105737, 44.8024186], [-1.105737, 44.8024186], [-1.1057371, 44.8024185], [-1.1057372, 44.8024185], [-1.1057374, 44.8024184], [-1.1057376, 44.8024183], [-1.1057378, 44.8024182], [-1.105738, 44.8024181], [-1.1057386, 44.8024179], [-1.1057394, 44.8024175], [-1.1057402, 44.8024172], [-1.1057408, 44.8024169], [-1.1057414, 44.8024167], [-1.1057421, 44.8024164], [-1.1057425, 44.8024162], [-1.1057427, 44.8024161], [-1.1057431, 44.8024159], [-1.1057437, 44.8024157], [-1.1057444, 44.8024154], [-1.1057451, 44.8024151], [-1.1057456, 44.8024149], [-1.1057459, 44.8024147], [-1.1057462, 44.8024146], [-1.1057466, 44.8024144], [-1.105747, 44.8024143], [-1.1057472, 44.8024142], [-1.1057474, 44.8024141], [-1.1057474, 44.8024141], [-1.1057475, 44.802414], [-1.1057475, 44.802414], [-1.1057476, 44.802414], [-1.1057476, 44.802414], [-1.1057476, 44.802414], [-1.1057476, 44.802414], [-1.1057476, 44.802414], [-1.1057476, 44.802414], [-1.1057476, 44.802414], [-1.1057476, 44.802414], [-1.1057476, 44.802414], [-1.1057476, 44.802414], [-1.1057476, 44.802414], [-1.1057476, 44.802414], [-1.1057476, 44.802414], [-1.1057476, 44.802414], [-1.1057476, 44.802414], [-1.1057477, 44.802414], [-1.1057477, 44.802414], [-1.1057478, 44.8024139], [-1.1057486, 44.8024136], [-1.1057503, 44.8024128], [-1.105752, 44.8024121], [-1.1057537, 44.8024114], [-1.1057545, 44.802411], [-1.1057545, 44.802411], [-1.1057546, 44.802411], [-1.1057546, 44.802411], [-1.1057546, 44.802411], [-1.1057546, 44.802411], [-1.1057546, 44.802411], [-1.1057546, 44.802411], [-1.1057546, 44.802411], [-1.1057546, 44.802411], [-1.1057546, 44.802411], [-1.1057546, 44.802411], [-1.1057546, 44.802411], [-1.1057546, 44.802411], [-1.1057546, 44.802411], [-1.1057546, 44.802411], [-1.1057546, 44.802411], [-1.1057547, 44.802411], [-1.1057548, 44.8024109], [-1.105755, 44.8024108], [-1.1057554, 44.8024106], [-1.1057562, 44.8024103], [-1.1057566, 44.8024102], [-1.1057566, 44.8024101], [-1.1057567, 44.8024101], [-1.1057567, 44.8024101], [-1.1057567, 44.8024101], [-1.1057567, 44.8024101], [-1.1057567, 44.8024101], [-1.1057567, 44.8024101], [-1.1057567, 44.8024101], [-1.1057567, 44.8024101], [-1.1057567, 44.8024101], [-1.1057567, 44.8024101], [-1.1057567, 44.8024101], [-1.1057567, 44.8024101], [-1.1057567, 44.8024101], [-1.1057567, 44.8024101], [-1.1057567, 44.8024101], [-1.1057568, 44.8024101], [-1.1057568, 44.8024101], [-1.1057569, 44.80241], [-1.1057569, 44.80241], [-1.105757, 44.80241], [-1.105757, 44.80241], [-1.1057571, 44.8024099], [-1.1057572, 44.8024099], [-1.1057573, 44.8024098], [-1.1057574, 44.8024098], [-1.1057574, 44.8024098], [-1.1057574, 44.8024098], [-1.1057574, 44.8024098], [-1.1057576, 44.8024097], [-1.1057578, 44.8024096], [-1.1057581, 44.8024095], [-1.1057583, 44.8024094], [-1.1057584, 44.8024094], [-1.1057584, 44.8024094], [-1.1057584, 44.8024094], [-1.1057584, 44.8024094], [-1.1057584, 44.8024094], [-1.1057584, 44.8024094], [-1.1057584, 44.8024094], [-1.1057584, 44.8024094], [-1.1057585, 44.8024093], [-1.1057585, 44.8024093], [-1.1057587, 44.8024092], [-1.105759, 44.8024091], [-1.1057598, 44.8024088], [-1.1057611, 44.8024082], [-1.105764, 44.802407], [-1.1057685, 44.802405], [-1.1057711, 44.8024039], [-1.1057718, 44.8024036], [-1.1057722, 44.8024034], [-1.1057724, 44.8024034], [-1.1057725, 44.8024033], [-1.1057725, 44.8024033], [-1.1057725, 44.8024033], [-1.1057725, 44.8024033], [-1.1057725, 44.8024033], [-1.1057726, 44.8024033], [-1.1057726, 44.8024033], [-1.1057726, 44.8024033], [-1.1057726, 44.8024033], [-1.1057726, 44.8024033], [-1.1057726, 44.8024033], [-1.1057726, 44.8024033], [-1.1057726, 44.8024033], [-1.1057726, 44.8024033], [-1.1057726, 44.8024033], [-1.1057726, 44.8024033], [-1.1057726, 44.8024033], [-1.1057726, 44.8024033], [-1.1057726, 44.8024033], [-1.1057726, 44.8024033], [-1.1057726, 44.8024033], [-1.1057726, 44.8024033], [-1.1057726, 44.8024033], [-1.1057726, 44.8024033], [-1.1057726, 44.8024033], [-1.1057726, 44.8024033], [-1.1057726, 44.8024033], [-1.1057726, 44.8024033], [-1.1057726, 44.8024033], [-1.1057726, 44.8024033], [-1.1057728, 44.8024032], [-1.1057731, 44.8024031], [-1.1057742, 44.8024026], [-1.1057761, 44.8024018], [-1.1057771, 44.8024013], [-1.1057772, 44.8024013], [-1.1057773, 44.8024013], [-1.1057774, 44.8024012], [-1.1057774, 44.8024012], [-1.1057775, 44.8024012], [-1.1057775, 44.8024012], [-1.1057775, 44.8024012], [-1.1057775, 44.8024012], [-1.1057776, 44.8024012], [-1.1057776, 44.8024012], [-1.1057776, 44.8024012], [-1.1057776, 44.8024012], [-1.1057776, 44.8024012], [-1.1057776, 44.8024012], [-1.1057776, 44.8024012], [-1.1057776, 44.8024011], [-1.1057776, 44.8024011], [-1.1057776, 44.8024011], [-1.1057776, 44.8024011], [-1.1057776, 44.8024011], [-1.1057776, 44.8024011], [-1.1057777, 44.8024011], [-1.1057778, 44.8024011], [-1.105778, 44.802401], [-1.1057784, 44.8024008], [-1.1057824, 44.8023991], [-1.1057899, 44.8023959], [-1.1057962, 44.8023932], [-1.1058013, 44.802391], [-1.1058087, 44.8023867], [-1.1058185, 44.8023802], [-1.1058331, 44.8023706], [-1.1058526, 44.8023577], [-1.1058675, 44.8023478], [-1.1058777, 44.8023411], [-1.1058833, 44.8023374], [-1.1058842, 44.8023368], [-1.1058854, 44.802336], [-1.1058867, 44.8023352], [-1.1058874, 44.8023347], [-1.1058874, 44.8023347], [-1.1058874, 44.8023347], [-1.1058874, 44.8023347], [-1.1058874, 44.8023347], [-1.1058874, 44.8023347], [-1.1058874, 44.8023347], [-1.1058874, 44.8023347], [-1.1058874, 44.8023347], [-1.1058874, 44.8023347], [-1.1058874, 44.8023347], [-1.1058874, 44.8023347], [-1.1058874, 44.8023347], [-1.1058874, 44.8023347], [-1.1058874, 44.8023347], [-1.1058874, 44.8023347], [-1.1058874, 44.8023347], [-1.1058874, 44.8023347], [-1.1058874, 44.8023347], [-1.1058874, 44.8023347], [-1.1058874, 44.8023347], [-1.1058874, 44.8023347], [-1.1058875, 44.8023346], [-1.1058875, 44.8023346], [-1.1058875, 44.8023346], [-1.1058875, 44.8023346], [-1.1058875, 44.8023346], [-1.1058875, 44.8023346], [-1.1058884, 44.802334], [-1.1058903, 44.8023328], [-1.1058926, 44.8023313], [-1.1058954, 44.8023294], [-1.1058986, 44.8023273], [-1.1059023, 44.8023248], [-1.1059042, 44.8023236], [-1.1059044, 44.8023235], [-1.1059044, 44.8023234], [-1.1059044, 44.8023234], [-1.1059044, 44.8023234], [-1.1059044, 44.8023234], [-1.1059044, 44.8023234], [-1.1059044, 44.8023234], [-1.1059044, 44.8023234], [-1.1059044, 44.8023234], [-1.1059044, 44.8023234], [-1.1059044, 44.8023234], [-1.1059044, 44.8023234], [-1.1059044, 44.8023234], [-1.1059044, 44.8023234], [-1.1059044, 44.8023234], [-1.1059044, 44.8023234], [-1.1059044, 44.8023234], [-1.1059045, 44.8023234], [-1.1059045, 44.8023234], [-1.1059045, 44.8023234], [-1.1059046, 44.8023233], [-1.1059048, 44.8023232], [-1.1059052, 44.8023229], [-1.1059067, 44.8023219], [-1.1059094, 44.8023202], [-1.1059132, 44.8023176], [-1.1059184, 44.8023142], [-1.105925, 44.8023099], [-1.105933, 44.8023045], [-1.1059372, 44.8023018], [-1.1059374, 44.8023016], [-1.1059376, 44.8023015], [-1.1059376, 44.8023015], [-1.1059376, 44.8023015], [-1.1059376, 44.8023015], [-1.1059376, 44.8023015], [-1.1059376, 44.8023015], [-1.1059376, 44.8023015], [-1.1059376, 44.8023015], [-1.1059376, 44.8023015], [-1.1059376, 44.8023015], [-1.1059376, 44.8023015], [-1.1059376, 44.8023015], [-1.1059376, 44.8023015], [-1.1059376, 44.8023015], [-1.1059376, 44.8023015], [-1.1059376, 44.8023015], [-1.10594, 44.8023], [-1.1059446, 44.8022969], [-1.1059551, 44.80229], [-1.1059713, 44.8022792], [-1.1059892, 44.8022674], [-1.1060087, 44.8022545], [-1.1060283, 44.8022416], [-1.1060478, 44.8022287], [-1.1060673, 44.8022158], [-1.1060868, 44.8022029], [-1.1061014, 44.8021933], [-1.1061112, 44.8021868], [-1.1061233, 44.8021782], [-1.1061377, 44.8021675], [-1.1061592, 44.8021516], [-1.1061877, 44.8021304], [-1.106202, 44.8021198], [-1.1062022, 44.8021197], [-1.1062022, 44.8021196], [-1.1062022, 44.8021196], [-1.1062023, 44.8021196], [-1.1062023, 44.8021196], [-1.1062023, 44.8021196], [-1.1062023, 44.8021196], [-1.1062023, 44.8021196], [-1.1062023, 44.8021196], [-1.1062023, 44.8021196], [-1.1062023, 44.8021196], [-1.1062023, 44.8021196], [-1.1062023, 44.8021196], [-1.1062023, 44.8021196], [-1.1062023, 44.8021196], [-1.1062023, 44.8021196], [-1.1062023, 44.8021196], [-1.1062023, 44.8021196], [-1.1062023, 44.8021196], [-1.1062024, 44.8021195], [-1.1062026, 44.8021194], [-1.1062026, 44.8021193], [-1.1062027, 44.8021193], [-1.1062027, 44.8021193], [-1.1062027, 44.8021193], [-1.1062027, 44.8021193], [-1.1062027, 44.8021193], [-1.1062028, 44.8021192], [-1.1062031, 44.802119], [-1.1062248, 44.8021029], [-1.1062677, 44.802071], [-1.1063131, 44.8020374], [-1.1063607, 44.802002], [-1.1063885, 44.8019814], [-1.1063964, 44.8019755], [-1.1064004, 44.8019725], [-1.1064004, 44.8019725], [-1.1064004, 44.8019725], [-1.1064004, 44.8019725], [-1.1064004, 44.8019725], [-1.1064004, 44.8019725], [-1.1064004, 44.8019725], [-1.1064004, 44.8019725], [-1.1064004, 44.8019725], [-1.1064004, 44.8019725], [-1.1064004, 44.8019725], [-1.1064004, 44.8019725], [-1.1064004, 44.8019725], [-1.1064005, 44.8019725], [-1.1064016, 44.8019717], [-1.1064036, 44.8019701], [-1.1064048, 44.8019693], [-1.1064051, 44.8019691], [-1.1064053, 44.8019689], [-1.1064054, 44.8019688], [-1.1064055, 44.8019687], [-1.1064056, 44.8019687], [-1.1064056, 44.8019686], [-1.1064057, 44.8019686], [-1.1064057, 44.8019686], [-1.1064057, 44.8019686], [-1.1064057, 44.8019686], [-1.1064057, 44.8019686], [-1.1064057, 44.8019686], [-1.1064057, 44.8019686], [-1.1064057, 44.8019686], [-1.1064057, 44.8019686], [-1.1064057, 44.8019686], [-1.1064057, 44.8019686], [-1.1064057, 44.8019686], [-1.1064057, 44.8019686], [-1.1064057, 44.8019686], [-1.1064057, 44.8019686], [-1.1064057, 44.8019686], [-1.1064057, 44.8019686], [-1.1064057, 44.8019686], [-1.1064057, 44.8019686], [-1.1064057, 44.8019686], [-1.1064057, 44.8019686], [-1.1064057, 44.8019686], [-1.1064057, 44.8019686], [-1.1064057, 44.8019686], [-1.1064057, 44.8019686], [-1.1064057, 44.8019686], [-1.1064057, 44.8019686], [-1.1064057, 44.8019686], [-1.1064057, 44.8019686], [-1.1064057, 44.8019686], [-1.1064058, 44.8019685], [-1.106406, 44.8019684], [-1.1064063, 44.8019681], [-1.1064073, 44.8019674], [-1.1064088, 44.8019663], [-1.1064104, 44.8019651], [-1.106412, 44.8019639], [-1.1064153, 44.8019615], [-1.1064203, 44.8019577], [-1.1064399, 44.8019432], [-1.1064741, 44.8019178], [-1.1065057, 44.8018944], [-1.1065345, 44.8018729], [-1.1065562, 44.8018569], [-1.1065706, 44.8018462], [-1.106583, 44.8018358], [-1.1065934, 44.8018256], [-1.1065987, 44.8018205], [-1.1065989, 44.8018203], [-1.1065991, 44.8018201], [-1.1065991, 44.8018201], [-1.1065991, 44.8018201], [-1.1065991, 44.8018201], [-1.1065991, 44.8018201], [-1.1065991, 44.8018201], [-1.1065991, 44.8018201], [-1.1065991, 44.8018201], [-1.1065991, 44.8018201], [-1.1065991, 44.8018201], [-1.1065991, 44.8018201], [-1.1065992, 44.80182], [-1.1065993, 44.8018199], [-1.1065996, 44.8018196], [-1.1066, 44.8018192], [-1.1066007, 44.8018186], [-1.1066025, 44.8018168], [-1.1066056, 44.8018138], [-1.1066107, 44.8018089], [-1.1066177, 44.801802], [-1.1066243, 44.8017956], [-1.1066303, 44.8017898], [-1.106635, 44.8017852], [-1.1066385, 44.8017818], [-1.1066438, 44.8017767], [-1.1066508, 44.8017698], [-1.1066561, 44.8017647], [-1.1066595, 44.8017614], [-1.1066613, 44.8017596], [-1.1066617, 44.8017592], [-1.1066619, 44.801759], [-1.1066619, 44.801759], [-1.1066619, 44.801759], [-1.1066619, 44.801759], [-1.1066619, 44.801759], [-1.1066619, 44.801759], [-1.1066619, 44.801759], [-1.1066619, 44.801759], [-1.1066619, 44.801759], [-1.1066619, 44.801759], [-1.1066619, 44.801759], [-1.1066619, 44.801759], [-1.1066619, 44.801759], [-1.1066619, 44.801759], [-1.1066619, 44.801759], [-1.1066619, 44.801759], [-1.1066619, 44.801759], [-1.1066619, 44.801759], [-1.106662, 44.801759], [-1.106662, 44.801759], [-1.106662, 44.801759], [-1.106662, 44.801759], [-1.1066624, 44.8017585], [-1.1066633, 44.8017576], [-1.1066639, 44.8017571], [-1.1066642, 44.8017568], [-1.1066644, 44.8017566], [-1.1066644, 44.8017566], [-1.1066644, 44.8017566], [-1.1066644, 44.8017566], [-1.1066644, 44.8017566], [-1.1066644, 44.8017566], [-1.1066644, 44.8017566], [-1.1066644, 44.8017566], [-1.1066644, 44.8017566], [-1.1066644, 44.8017566], [-1.1066644, 44.8017566], [-1.1066644, 44.8017566], [-1.1066644, 44.8017566], [-1.1066644, 44.8017566], [-1.1066644, 44.8017566], [-1.1066645, 44.8017565], [-1.1066645, 44.8017565], [-1.1066646, 44.8017565], [-1.1066646, 44.8017564], [-1.1066647, 44.8017563], [-1.1066649, 44.8017561], [-1.1066654, 44.8017556], [-1.1066659, 44.8017551], [-1.1066665, 44.8017546], [-1.1066669, 44.8017542], [-1.106667, 44.801754], [-1.1066671, 44.8017539], [-1.1066671, 44.8017539], [-1.1066671, 44.8017539], [-1.1066671, 44.8017539], [-1.1066671, 44.8017539], [-1.1066671, 44.8017539], [-1.1066671, 44.8017539], [-1.1066671, 44.8017539], [-1.1066672, 44.8017539], [-1.1066672, 44.8017539], [-1.1066672, 44.8017539], [-1.1066672, 44.8017539], [-1.1066674, 44.8017537], [-1.1066677, 44.8017534], [-1.1066682, 44.8017529], [-1.1066689, 44.8017522], [-1.1066694, 44.8017518], [-1.1066695, 44.8017516], [-1.1066699, 44.8017512], [-1.1066706, 44.8017506], [-1.1066712, 44.8017499], [-1.106672, 44.8017492], [-1.1066723, 44.8017489], [-1.1066724, 44.8017489], [-1.1066724, 44.8017488], [-1.1066724, 44.8017488], [-1.1066724, 44.8017488], [-1.1066724, 44.8017488], [-1.1066724, 44.8017488], [-1.1066724, 44.8017488], [-1.1066724, 44.8017488], [-1.1066724, 44.8017488], [-1.1066724, 44.8017488], [-1.1066725, 44.8017487], [-1.1066726, 44.8017486], [-1.1066728, 44.8017484], [-1.106673, 44.8017482], [-1.1066733, 44.8017479], [-1.1066743, 44.801747], [-1.106676, 44.8017453], [-1.1066789, 44.8017425], [-1.1066828, 44.8017387], [-1.1066893, 44.8017324], [-1.1066982, 44.8017237], [-1.1067096, 44.8017126], [-1.1067235, 44.8016991], [-1.1067391, 44.801684], [-1.1067564, 44.8016671], [-1.1067682, 44.8016556], [-1.1067745, 44.8016496], [-1.1067782, 44.8016459], [-1.1067796, 44.8016446], [-1.1067809, 44.8016433], [-1.1067822, 44.8016421], [-1.1067829, 44.8016413], [-1.1067832, 44.801641], [-1.1067837, 44.8016406], [-1.1067843, 44.80164], [-1.1067848, 44.8016395], [-1.1067852, 44.8016391], [-1.1067855, 44.8016388], [-1.1067859, 44.8016385], [-1.1067861, 44.8016383], [-1.1067863, 44.8016381], [-1.1067864, 44.801638], [-1.1067864, 44.801638], [-1.1067864, 44.8016379], [-1.1067864, 44.8016379], [-1.1067864, 44.8016379], [-1.1067864, 44.8016379], [-1.1067864, 44.8016379], [-1.1067864, 44.8016379], [-1.1067864, 44.8016379], [-1.1067864, 44.8016379], [-1.1067864, 44.8016379], [-1.1067864, 44.8016379], [-1.1067864, 44.8016379], [-1.1067864, 44.8016379], [-1.1067864, 44.8016379], [-1.1067864, 44.8016379], [-1.1067864, 44.8016379], [-1.1067864, 44.8016379], [-1.1067864, 44.8016379], [-1.1067864, 44.8016379], [-1.1067864, 44.8016379], [-1.1067864, 44.8016379], [-1.1067865, 44.8016379], [-1.1067865, 44.8016379], [-1.1067865, 44.8016378], [-1.1067867, 44.8016377], [-1.1067917, 44.8016328], [-1.1068017, 44.8016231], [-1.1068171, 44.8016081], [-1.1068379, 44.8015878], [-1.1068501, 44.801576], [-1.1068535, 44.8015727], [-1.1068583, 44.801568], [-1.1068643, 44.8015622], [-1.1068709, 44.8015558], [-1.1068779, 44.801549], [-1.106883, 44.801544], [-1.106886, 44.8015411], [-1.1068879, 44.8015393], [-1.1068885, 44.8015386], [-1.106889, 44.8015382], [-1.1068893, 44.8015379], [-1.1068894, 44.8015378], [-1.1068894, 44.8015378], [-1.1068894, 44.8015377], [-1.1068894, 44.8015377], [-1.1068894, 44.8015377], [-1.1068894, 44.8015377], [-1.1068894, 44.8015377], [-1.1068894, 44.8015377], [-1.1068895, 44.8015377], [-1.1068895, 44.8015377], [-1.1068895, 44.8015377], [-1.1068895, 44.8015377], [-1.1068896, 44.8015376], [-1.1068899, 44.8015374], [-1.1068952, 44.8015322], [-1.1069056, 44.8015221], [-1.106914, 44.8015122], [-1.1069203, 44.8015027], [-1.1069246, 44.8014964], [-1.1069267, 44.8014932], [-1.1069291, 44.8014897], [-1.1069317, 44.8014857], [-1.106933, 44.8014838], [-1.1069331, 44.8014837], [-1.1069331, 44.8014837], [-1.1069331, 44.8014837], [-1.1069331, 44.8014837], [-1.1069331, 44.8014837], [-1.1069331, 44.8014837], [-1.1069331, 44.8014837], [-1.1069331, 44.8014837], [-1.1069331, 44.8014837], [-1.1069331, 44.8014837], [-1.1069331, 44.8014837], [-1.1069331, 44.8014837], [-1.1069331, 44.8014837], [-1.1069331, 44.8014837], [-1.1069331, 44.8014837], [-1.1069331, 44.8014837], [-1.1069331, 44.8014837], [-1.1069331, 44.8014837], [-1.1069331, 44.8014837], [-1.1069331, 44.8014837], [-1.1069331, 44.8014837], [-1.1069331, 44.8014837], [-1.1069331, 44.8014837], [-1.1069332, 44.8014836], [-1.1069333, 44.8014835], [-1.1069334, 44.8014833], [-1.1069336, 44.801483], [-1.1069338, 44.8014826], [-1.1069342, 44.8014821], [-1.1069355, 44.8014802], [-1.1069377, 44.8014769], [-1.1069413, 44.8014714], [-1.1069465, 44.8014637], [-1.1069554, 44.8014503], [-1.1069682, 44.8014313], [-1.106981, 44.8014122], [-1.1069937, 44.8013932], [-1.1070049, 44.8013765], [-1.1070145, 44.8013622], [-1.1070215, 44.8013517], [-1.107026, 44.801345], [-1.1070286, 44.8013411], [-1.1070293, 44.8013401], [-1.1070297, 44.8013395], [-1.1070298, 44.8013394], [-1.1070298, 44.8013393], [-1.1070298, 44.8013393], [-1.1070299, 44.8013393], [-1.1070299, 44.8013392], [-1.1070299, 44.8013392], [-1.1070299, 44.8013392], [-1.1070299, 44.8013392], [-1.1070299, 44.8013392], [-1.1070299, 44.8013392], [-1.1070299, 44.8013392], [-1.1070299, 44.8013392], [-1.1070299, 44.8013392], [-1.1070299, 44.8013392], [-1.1070299, 44.8013392], [-1.1070299, 44.8013392], [-1.1070299, 44.8013392], [-1.1070299, 44.8013392], [-1.1070299, 44.8013392], [-1.1070299, 44.8013392], [-1.1070299, 44.8013392], [-1.1070299, 44.8013392], [-1.1070299, 44.8013392], [-1.1070299, 44.8013392], [-1.1070299, 44.8013392], [-1.1070304, 44.8013384], [-1.1070315, 44.8013368], [-1.1070321, 44.8013358], [-1.1070324, 44.8013354], [-1.1070327, 44.801335], [-1.107033, 44.8013346], [-1.1070332, 44.8013343], [-1.1070333, 44.8013341], [-1.1070333, 44.801334], [-1.1070334, 44.801334], [-1.1070334, 44.801334], [-1.1070334, 44.801334], [-1.1070334, 44.801334], [-1.1070334, 44.801334], [-1.1070334, 44.801334], [-1.1070334, 44.801334], [-1.1070334, 44.801334], [-1.1070334, 44.801334], [-1.1070334, 44.801334], [-1.1070334, 44.801334], [-1.1070334, 44.801334], [-1.1070334, 44.801334], [-1.1070334, 44.801334], [-1.1070334, 44.801334], [-1.1070334, 44.801334], [-1.1070334, 44.801334], [-1.1070334, 44.801334], [-1.1070334, 44.801334], [-1.1070334, 44.801334], [-1.1070334, 44.801334], [-1.1070334, 44.801334], [-1.1070334, 44.801334], [-1.1070348, 44.8013319], [-1.1070375, 44.8013278], [-1.107039, 44.8013256], [-1.1070392, 44.8013252], [-1.1070394, 44.801325], [-1.1070394, 44.801325], [-1.1070394, 44.801325], [-1.1070394, 44.801325], [-1.1070394, 44.801325], [-1.1070394, 44.8013249], [-1.1070395, 44.8013249], [-1.1070395, 44.8013249], [-1.1070395, 44.8013249], [-1.1070395, 44.8013249], [-1.1070395, 44.8013249], [-1.1070395, 44.8013249], [-1.1070395, 44.8013249], [-1.1070395, 44.8013249], [-1.1070395, 44.8013249], [-1.1070395, 44.8013249], [-1.1070395, 44.8013249], [-1.1070395, 44.8013249], [-1.1070395, 44.8013249], [-1.1070395, 44.8013249], [-1.1070395, 44.8013249], [-1.1070395, 44.8013249], [-1.1070396, 44.8013247], [-1.1070398, 44.8013245], [-1.1070402, 44.8013238], [-1.1070408, 44.8013229], [-1.1070412, 44.8013223], [-1.1070412, 44.8013223], [-1.1070413, 44.8013222], [-1.1070413, 44.8013222], [-1.1070413, 44.8013222], [-1.1070413, 44.8013222], [-1.1070413, 44.8013222], [-1.1070413, 44.8013222], [-1.1070413, 44.8013222], [-1.1070413, 44.8013222], [-1.1070413, 44.8013222], [-1.1070413, 44.8013222], [-1.1070413, 44.8013222], [-1.1070413, 44.8013222], [-1.1070413, 44.8013222], [-1.1070413, 44.8013222], [-1.1070413, 44.8013222], [-1.1070413, 44.8013222], [-1.1070413, 44.8013222], [-1.1070413, 44.8013222], [-1.1070413, 44.8013222], [-1.1070413, 44.8013222], [-1.1070413, 44.8013222], [-1.1070413, 44.8013221], [-1.1070413, 44.8013221], [-1.1070413, 44.8013221], [-1.1070413, 44.8013221], [-1.1070414, 44.8013221], [-1.1070414, 44.801322], [-1.1070414, 44.801322], [-1.1070415, 44.8013219], [-1.1070415, 44.8013219], [-1.1070416, 44.8013217], [-1.1070419, 44.8013213], [-1.1070421, 44.801321], [-1.1070422, 44.8013208], [-1.1070423, 44.8013207], [-1.1070424, 44.8013205], [-1.1070424, 44.8013205], [-1.1070425, 44.8013204], [-1.1070425, 44.8013204], [-1.1070425, 44.8013203], [-1.1070426, 44.8013203], [-1.1070426, 44.8013203], [-1.1070426, 44.8013202], [-1.1070426, 44.8013202], [-1.1070426, 44.8013202], [-1.1070426, 44.8013202], [-1.1070426, 44.8013202], [-1.1070426, 44.8013202], [-1.1070426, 44.8013202], [-1.1070426, 44.8013202], [-1.1070426, 44.8013202], [-1.1070426, 44.8013202], [-1.1070426, 44.8013202], [-1.1070426, 44.8013202], [-1.1070426, 44.8013202], [-1.1070426, 44.8013202], [-1.1070426, 44.8013202], [-1.1070426, 44.8013202], [-1.1070426, 44.8013202], [-1.1070426, 44.8013202], [-1.1070427, 44.8013201], [-1.1070427, 44.80132], [-1.1070429, 44.8013198], [-1.1070432, 44.8013194], [-1.1070438, 44.8013184], [-1.1070448, 44.801317], [-1.1070467, 44.8013141], [-1.1070497, 44.8013097], [-1.1070532, 44.8013044], [-1.1070574, 44.8012982], [-1.1070594, 44.8012951], [-1.1070594, 44.8012951], [-1.1070595, 44.8012951], [-1.1070595, 44.801295], [-1.1070595, 44.801295], [-1.1070595, 44.801295], [-1.1070595, 44.801295], [-1.1070595, 44.801295], [-1.1070595, 44.801295], [-1.1070595, 44.801295], [-1.1070595, 44.801295], [-1.1070595, 44.801295], [-1.1070595, 44.801295], [-1.1070595, 44.801295], [-1.1070595, 44.801295], [-1.1070595, 44.801295], [-1.1070595, 44.801295], [-1.1070595, 44.801295], [-1.1070595, 44.801295], [-1.1070595, 44.801295], [-1.1070595, 44.801295], [-1.1070595, 44.801295], [-1.1070595, 44.8012949], [-1.1070596, 44.8012949], [-1.1070596, 44.8012948], [-1.1070596, 44.8012948], [-1.1070596, 44.8012948], [-1.1070597, 44.8012948], [-1.1070599, 44.8012944], [-1.1070605, 44.8012936], [-1.1070609, 44.8012929], [-1.1070613, 44.8012923], [-1.1070637, 44.8012887], [-1.1070681, 44.8012821], [-1.1070704, 44.8012788], [-1.1070705, 44.8012786], [-1.1070706, 44.8012785], [-1.1070706, 44.8012785], [-1.1070706, 44.8012785], [-1.1070706, 44.8012785], [-1.1070706, 44.8012784], [-1.1070706, 44.8012784], [-1.1070706, 44.8012784], [-1.1070706, 44.8012784], [-1.1070706, 44.8012784], [-1.1070706, 44.8012784], [-1.1070706, 44.8012784], [-1.1070706, 44.8012784], [-1.1070707, 44.8012784], [-1.1070707, 44.8012783], [-1.1070707, 44.8012783], [-1.1070707, 44.8012783], [-1.1070708, 44.8012782], [-1.1070708, 44.8012781], [-1.1070709, 44.801278], [-1.1070709, 44.801278], [-1.1070724, 44.8012758], [-1.1070752, 44.8012715], [-1.1070793, 44.8012655], [-1.1070844, 44.8012578], [-1.1070881, 44.8012524], [-1.1070903, 44.8012491], [-1.1070916, 44.8012472], [-1.1070919, 44.8012466], [-1.1070922, 44.8012462], [-1.1070924, 44.801246], [-1.1070925, 44.8012458], [-1.1070926, 44.8012456], [-1.1070926, 44.8012455], [-1.1070927, 44.8012455], [-1.1070927, 44.8012455], [-1.1070927, 44.8012455], [-1.1070927, 44.8012455], [-1.1070927, 44.8012455], [-1.1070927, 44.8012455], [-1.1070927, 44.8012455], [-1.1070927, 44.8012455], [-1.1070927, 44.8012455], [-1.1070927, 44.8012455], [-1.1070927, 44.8012455], [-1.1070927, 44.8012455], [-1.1070927, 44.8012455], [-1.1070927, 44.8012455], [-1.1070927, 44.8012455], [-1.1070927, 44.8012455], [-1.1070927, 44.8012455], [-1.1070927, 44.8012455], [-1.1070927, 44.8012455], [-1.1070927, 44.8012455], [-1.1070927, 44.8012455], [-1.1070927, 44.8012455], [-1.1070927, 44.8012455], [-1.107094, 44.8012435], [-1.1070966, 44.8012396], [-1.107099, 44.801236], [-1.1071011, 44.8012328], [-1.1071054, 44.8012265], [-1.1071118, 44.801217], [-1.1071174, 44.8012078], [-1.1071223, 44.8011989], [-1.1071251, 44.8011939], [-1.1071257, 44.8011929], [-1.107128, 44.8011886], [-1.1071321, 44.8011813], [-1.1071347, 44.8011764], [-1.107136, 44.801174], [-1.1071368, 44.8011726], [-1.1071371, 44.801172], [-1.1071373, 44.8011718], [-1.1071373, 44.8011718], [-1.1071373, 44.8011718], [-1.1071373, 44.8011718], [-1.1071373, 44.8011718], [-1.1071373, 44.8011718], [-1.1071373, 44.8011717], [-1.1071373, 44.8011717], [-1.1071374, 44.8011715], [-1.1071376, 44.8011712], [-1.1071394, 44.801168], [-1.1071427, 44.801162], [-1.1071493, 44.8011501], [-1.1071591, 44.8011323], [-1.1071671, 44.8011177], [-1.1071735, 44.8011062], [-1.1071771, 44.8010997], [-1.107178, 44.801098], [-1.1071786, 44.801097], [-1.1071787, 44.8010967], [-1.1071789, 44.8010965], [-1.1071789, 44.8010963], [-1.107179, 44.8010963], [-1.107179, 44.8010962], [-1.107179, 44.8010962], [-1.107179, 44.8010962], [-1.107179, 44.8010962], [-1.107179, 44.8010962], [-1.107179, 44.8010962], [-1.107179, 44.8010962], [-1.107179, 44.8010962], [-1.107179, 44.8010962], [-1.107179, 44.8010962], [-1.107179, 44.8010962], [-1.107179, 44.8010962], [-1.107179, 44.8010962], [-1.107179, 44.8010962], [-1.107179, 44.8010962], [-1.107179, 44.8010962], [-1.107179, 44.8010962], [-1.107179, 44.8010962], [-1.107179, 44.8010962], [-1.107179, 44.8010962], [-1.107179, 44.8010962], [-1.107179, 44.8010962], [-1.107179, 44.8010962], [-1.1071791, 44.8010961], [-1.1071791, 44.801096], [-1.1071792, 44.8010958], [-1.1071794, 44.8010955], [-1.1071805, 44.8010935], [-1.1071826, 44.8010898], [-1.1071885, 44.8010791], [-1.1071983, 44.8010613], [-1.1072071, 44.8010454], [-1.1072149, 44.8010313], [-1.1072191, 44.8010236], [-1.1072198, 44.8010224], [-1.1072201, 44.8010217], [-1.1072202, 44.8010216], [-1.1072202, 44.8010216], [-1.1072202, 44.8010216], [-1.1072202, 44.8010216], [-1.1072202, 44.8010215], [-1.1072202, 44.8010215], [-1.1072202, 44.8010215], [-1.1072202, 44.8010215], [-1.1072202, 44.8010215], [-1.1072202, 44.8010215], [-1.1072202, 44.8010215], [-1.1072202, 44.8010215], [-1.1072202, 44.8010215], [-1.1072203, 44.8010215], [-1.1072203, 44.8010215], [-1.1072203, 44.8010215], [-1.1072203, 44.8010214], [-1.1072204, 44.8010213], [-1.1072205, 44.8010211], [-1.1072206, 44.8010209], [-1.1072207, 44.8010206], [-1.107221, 44.8010201], [-1.1072214, 44.8010193], [-1.1072219, 44.8010185], [-1.1072225, 44.8010175], [-1.1072277, 44.8010081], [-1.1072375, 44.8009903], [-1.1072473, 44.8009726], [-1.1072571, 44.8009548], [-1.1072644, 44.8009415], [-1.1072693, 44.8009326], [-1.1072735, 44.8009241], [-1.1072769, 44.8009159], [-1.107282, 44.8009035], [-1.1072889, 44.8008871], [-1.1072957, 44.8008706], [-1.1073025, 44.8008542], [-1.1073088, 44.8008391], [-1.1073145, 44.8008254], [-1.1073175, 44.8008182], [-1.1073177, 44.8008177], [-1.1073179, 44.8008173], [-1.107318, 44.8008171], [-1.107318, 44.8008169], [-1.107318, 44.8008169], [-1.107318, 44.8008169], [-1.107318, 44.8008169], [-1.107318, 44.8008169], [-1.107318, 44.8008169], [-1.107318, 44.8008169], [-1.107318, 44.8008169], [-1.107318, 44.8008169], [-1.107318, 44.8008169], [-1.107318, 44.8008169], [-1.107318, 44.8008169], [-1.107318, 44.8008169], [-1.107318, 44.8008169], [-1.107318, 44.8008169], [-1.1073181, 44.8008168], [-1.1073181, 44.8008167], [-1.1073182, 44.8008166], [-1.1073184, 44.800816], [-1.1073188, 44.8008149], [-1.1073191, 44.8008144], [-1.1073191, 44.8008142], [-1.1073193, 44.8008139], [-1.1073195, 44.8008133], [-1.1073213, 44.8008089], [-1.1073248, 44.8008007], [-1.1073282, 44.8007925], [-1.1073316, 44.8007842], [-1.1073339, 44.8007788], [-1.107335, 44.800776], [-1.1073361, 44.8007734], [-1.1073371, 44.800771], [-1.1073377, 44.8007695], [-1.1073379, 44.800769], [-1.1073381, 44.8007685], [-1.1073383, 44.8007681], [-1.1073384, 44.8007678], [-1.1073384, 44.8007678], [-1.1073385, 44.8007677], [-1.1073385, 44.8007677], [-1.1073385, 44.8007676], [-1.1073385, 44.8007676], [-1.1073385, 44.8007676], [-1.1073385, 44.8007676], [-1.1073385, 44.8007675], [-1.1073385, 44.8007675], [-1.1073386, 44.8007675], [-1.1073386, 44.8007675], [-1.1073386, 44.8007675], [-1.1073386, 44.8007675], [-1.1073386, 44.8007675], [-1.1073386, 44.8007675], [-1.1073386, 44.8007675], [-1.1073386, 44.8007675], [-1.1073386, 44.8007675], [-1.1073386, 44.8007675], [-1.1073386, 44.8007675], [-1.1073386, 44.8007675], [-1.1073386, 44.8007675], [-1.1073386, 44.8007675], [-1.1073386, 44.8007674], [-1.1073387, 44.8007672], [-1.1073392, 44.800766], [-1.1073402, 44.8007636], [-1.1073422, 44.8007587], [-1.1073454, 44.800751], [-1.1073504, 44.800739], [-1.1073572, 44.8007226], [-1.1073641, 44.8007061], [-1.1073709, 44.8006896], [-1.107376, 44.8006773], [-1.1073795, 44.8006691], [-1.1073826, 44.800661], [-1.1073853, 44.800653], [-1.1073895, 44.800641], [-1.107395, 44.800625], [-1.1074, 44.8006109], [-1.1074042, 44.8005985], [-1.1074068, 44.8005912], [-1.1074076, 44.8005889], [-1.1074081, 44.8005874], [-1.1074083, 44.8005868], [-1.1074085, 44.8005863], [-1.1074087, 44.8005858], [-1.1074088, 44.8005854], [-1.1074088, 44.8005853], [-1.1074088, 44.8005853], [-1.1074089, 44.8005852], [-1.1074089, 44.8005852], [-1.1074089, 44.8005852], [-1.1074089, 44.8005852], [-1.1074089, 44.8005852], [-1.1074089, 44.8005852], [-1.1074089, 44.8005852], [-1.1074089, 44.8005852], [-1.1074089, 44.8005851], [-1.1074089, 44.8005851], [-1.1074089, 44.800585], [-1.1074091, 44.8005846], [-1.1074094, 44.8005837], [-1.10741, 44.8005819], [-1.107411, 44.800579], [-1.1074118, 44.8005769], [-1.1074122, 44.8005757], [-1.1074133, 44.8005724], [-1.1074152, 44.8005669], [-1.1074161, 44.8005642], [-1.1074161, 44.8005642], [-1.1074161, 44.8005642], [-1.1074161, 44.8005642], [-1.1074162, 44.8005642], [-1.1074162, 44.8005642], [-1.1074162, 44.8005642], [-1.1074162, 44.8005641], [-1.1074162, 44.800564], [-1.1074164, 44.8005636], [-1.1074166, 44.8005629], [-1.107417, 44.8005618], [-1.1074173, 44.8005609], [-1.1074175, 44.8005602], [-1.1074177, 44.8005597], [-1.1074178, 44.8005595], [-1.1074178, 44.8005594], [-1.1074178, 44.8005593], [-1.1074179, 44.8005593], [-1.1074179, 44.8005593], [-1.1074179, 44.8005593], [-1.1074179, 44.8005593], [-1.1074179, 44.8005593], [-1.1074179, 44.8005593], [-1.1074179, 44.8005593], [-1.1074179, 44.8005593], [-1.1074179, 44.8005593], [-1.1074179, 44.8005593], [-1.1074179, 44.8005593], [-1.1074179, 44.8005593], [-1.1074179, 44.8005593], [-1.1074179, 44.8005593], [-1.1074179, 44.8005591], [-1.107418, 44.8005589], [-1.1074182, 44.8005583], [-1.1074185, 44.8005573], [-1.1074188, 44.8005565], [-1.1074191, 44.8005556], [-1.1074197, 44.8005539], [-1.1074206, 44.8005514], [-1.1074218, 44.8005479], [-1.1074233, 44.8005436], [-1.1074242, 44.800541], [-1.1074245, 44.8005401], [-1.1074247, 44.8005395], [-1.1074249, 44.8005391], [-1.107425, 44.8005386], [-1.1074252, 44.800538], [-1.1074255, 44.8005374], [-1.1074257, 44.8005367], [-1.1074258, 44.8005363], [-1.1074259, 44.8005362], [-1.1074259, 44.8005361], [-1.1074259, 44.8005361], [-1.1074259, 44.8005361], [-1.1074259, 44.8005361], [-1.1074259, 44.8005361], [-1.1074259, 44.8005361], [-1.1074259, 44.8005361], [-1.1074259, 44.8005361], [-1.1074259, 44.8005361], [-1.1074259, 44.8005361], [-1.1074259, 44.8005361], [-1.1074259, 44.8005361], [-1.1074259, 44.8005361], [-1.1074259, 44.8005361], [-1.1074259, 44.8005361], [-1.1074259, 44.8005361], [-1.1074259, 44.8005361], [-1.1074259, 44.8005361], [-1.1074259, 44.8005361], [-1.1074259, 44.800536], [-1.1074272, 44.8005323], [-1.1074298, 44.8005248], [-1.1074313, 44.8005207], [-1.1074316, 44.8005198], [-1.1074318, 44.8005192], [-1.1074319, 44.8005189], [-1.1074319, 44.8005187], [-1.107432, 44.8005187], [-1.107432, 44.8005186], [-1.107432, 44.8005186], [-1.107432, 44.8005186], [-1.107432, 44.8005185], [-1.107432, 44.8005185], [-1.107432, 44.8005185], [-1.107432, 44.8005185], [-1.107432, 44.8005185], [-1.107432, 44.8005185], [-1.107432, 44.8005185], [-1.107432, 44.8005185], [-1.107432, 44.8005185], [-1.107432, 44.8005185], [-1.107432, 44.8005185], [-1.107432, 44.8005185], [-1.107432, 44.8005185], [-1.107432, 44.8005185], [-1.107432, 44.8005185], [-1.107432, 44.8005185], [-1.107432, 44.8005185], [-1.107432, 44.8005185], [-1.107432, 44.8005184], [-1.107432, 44.8005184], [-1.107432, 44.8005184], [-1.1074321, 44.8005184], [-1.1074321, 44.8005184], [-1.1074322, 44.800518], [-1.1074325, 44.8005171], [-1.1074331, 44.8005155], [-1.1074339, 44.8005131], [-1.1074363, 44.8005062], [-1.1074402, 44.8004948], [-1.107445, 44.8004811], [-1.1074505, 44.8004651], [-1.1074541, 44.800455], [-1.1074556, 44.8004507], [-1.1074563, 44.8004485], [-1.1074563, 44.8004485], [-1.1074563, 44.8004485], [-1.1074563, 44.8004485], [-1.1074563, 44.8004485], [-1.1074563, 44.8004485], [-1.1074563, 44.8004485], [-1.1074563, 44.8004485], [-1.1074563, 44.8004485], [-1.1074563, 44.8004485], [-1.1074563, 44.8004485], [-1.1074563, 44.8004484], [-1.1074563, 44.8004484], [-1.1074563, 44.8004484], [-1.1074563, 44.8004484], [-1.1074563, 44.8004484], [-1.1074563, 44.8004484], [-1.1074563, 44.8004484], [-1.1074563, 44.8004484], [-1.1074563, 44.8004484], [-1.1074563, 44.8004484], [-1.1074563, 44.8004484], [-1.1074566, 44.8004476], [-1.1074572, 44.800446], [-1.1074577, 44.8004446], [-1.1074581, 44.8004435], [-1.1074598, 44.8004385], [-1.1074629, 44.8004296], [-1.1074658, 44.8004212], [-1.1074686, 44.8004132], [-1.107471, 44.8004053], [-1.1074732, 44.8003975], [-1.1074764, 44.8003859], [-1.1074806, 44.8003704], [-1.1074831, 44.8003614], [-1.1074837, 44.800359], [-1.1074842, 44.8003573], [-1.1074845, 44.8003562], [-1.1074848, 44.8003553], [-1.1074849, 44.8003548], [-1.107485, 44.8003544], [-1.1074851, 44.800354], [-1.1074852, 44.8003539], [-1.1074852, 44.8003539], [-1.1074852, 44.8003539], [-1.1074852, 44.8003539], [-1.1074852, 44.8003539], [-1.1074852, 44.8003539], [-1.1074852, 44.8003538], [-1.1074852, 44.8003538], [-1.1074852, 44.8003538], [-1.1074852, 44.8003538], [-1.1074852, 44.8003538], [-1.1074852, 44.8003538], [-1.1074852, 44.8003538], [-1.1074852, 44.8003538], [-1.1074852, 44.8003538], [-1.1074852, 44.8003538], [-1.1074852, 44.8003538], [-1.1074852, 44.8003538], [-1.1074852, 44.8003538], [-1.1074852, 44.8003538], [-1.1074852, 44.8003538], [-1.1074852, 44.8003538], [-1.1074852, 44.8003538], [-1.1074852, 44.8003538], [-1.1074852, 44.8003538], [-1.1074852, 44.8003538], [-1.1074852, 44.8003538], [-1.1074852, 44.8003538], [-1.1074852, 44.8003538], [-1.1074852, 44.8003537], [-1.1074852, 44.8003536], [-1.1074853, 44.8003534], [-1.1074854, 44.8003531], [-1.1074855, 44.8003527], [-1.1074863, 44.8003498], [-1.1074877, 44.8003446], [-1.1074885, 44.8003416], [-1.1074887, 44.8003409], [-1.1074889, 44.8003403], [-1.107489, 44.80034], [-1.107489, 44.8003398], [-1.1074891, 44.8003396], [-1.1074891, 44.8003395], [-1.1074891, 44.8003395], [-1.1074891, 44.8003395], [-1.1074891, 44.8003395], [-1.1074891, 44.8003395], [-1.1074891, 44.8003395], [-1.1074891, 44.8003394], [-1.1074891, 44.8003394], [-1.1074892, 44.8003393], [-1.1074892, 44.8003393], [-1.1074892, 44.8003392], [-1.1074892, 44.8003392], [-1.1074892, 44.8003391], [-1.1074892, 44.8003391], [-1.1074893, 44.8003389], [-1.1074894, 44.8003386], [-1.1074899, 44.8003367], [-1.1074908, 44.8003333], [-1.1074917, 44.8003301], [-1.1074925, 44.8003272], [-1.107493, 44.8003254], [-1.1074931, 44.8003248], [-1.1074932, 44.8003245], [-1.1074932, 44.8003245], [-1.1074932, 44.8003245], [-1.1074932, 44.8003245], [-1.1074932, 44.8003245], [-1.1074932, 44.8003245], [-1.1074932, 44.8003245], [-1.1074932, 44.8003245], [-1.1074932, 44.8003244], [-1.1074933, 44.8003243], [-1.1074933, 44.8003242], [-1.1074933, 44.8003241], [-1.1074933, 44.8003241], [-1.1074934, 44.800324], [-1.1074934, 44.800324], [-1.1074934, 44.800324], [-1.1074934, 44.800324], [-1.1074934, 44.800324], [-1.1074934, 44.800324], [-1.1074934, 44.800324], [-1.1074934, 44.800324], [-1.1074934, 44.800324], [-1.1074934, 44.800324], [-1.1074934, 44.800324], [-1.1074934, 44.800324], [-1.1074934, 44.800324], [-1.1074934, 44.800324], [-1.1074934, 44.800324], [-1.1074934, 44.800324], [-1.1074934, 44.800324], [-1.1074934, 44.8003237], [-1.1074936, 44.8003233], [-1.1074937, 44.8003229], [-1.1074938, 44.8003225], [-1.107494, 44.8003217], [-1.1074943, 44.8003205], [-1.1074947, 44.8003192], [-1.107495, 44.8003179], [-1.1074953, 44.8003171], [-1.1074954, 44.8003168], [-1.1074954, 44.8003166], [-1.1074954, 44.8003165], [-1.1074954, 44.8003165], [-1.1074954, 44.8003165], [-1.1074954, 44.8003165], [-1.1074954, 44.8003164], [-1.1074954, 44.8003164], [-1.1074955, 44.8003164], [-1.1074955, 44.8003164], [-1.1074955, 44.8003164], [-1.1074955, 44.8003164], [-1.1074955, 44.8003164], [-1.1074955, 44.8003164], [-1.1074955, 44.8003164], [-1.1074955, 44.8003163], [-1.1074955, 44.8003163], [-1.1074955, 44.8003161], [-1.1074956, 44.8003159], [-1.107496, 44.8003144], [-1.1074968, 44.8003116], [-1.1074983, 44.800306], [-1.1075006, 44.8002976], [-1.1075034, 44.8002874], [-1.1075067, 44.8002755], [-1.1075105, 44.8002617], [-1.1075147, 44.8002462], [-1.107519, 44.8002307], [-1.1075233, 44.8002152], [-1.1075275, 44.8001996], [-1.1075318, 44.8001841], [-1.107535, 44.8001725], [-1.1075371, 44.8001647], [-1.1075385, 44.8001579], [-1.1075391, 44.8001519], [-1.1075401, 44.8001429], [-1.1075414, 44.800131], [-1.1075425, 44.8001214], [-1.1075432, 44.8001142], [-1.1075438, 44.8001094], [-1.107544, 44.8001069], [-1.1075442, 44.8001052], [-1.1075443, 44.8001044], [-1.1075444, 44.8001039], [-1.1075444, 44.8001035], [-1.1075444, 44.8001033], [-1.1075444, 44.8001033], [-1.1075444, 44.8001033], [-1.1075444, 44.8001033], [-1.1075444, 44.8001033], [-1.1075444, 44.8001033], [-1.1075444, 44.8001033], [-1.1075444, 44.8001033], [-1.1075444, 44.8001033], [-1.1075444, 44.8001033], [-1.1075444, 44.8001033], [-1.1075444, 44.8001033], [-1.1075444, 44.8001033], [-1.1075444, 44.8001032], [-1.1075445, 44.800103], [-1.1075445, 44.8001027], [-1.1075445, 44.8001022], [-1.1075446, 44.8001014], [-1.1075448, 44.8000999], [-1.107545, 44.8000978], [-1.1075451, 44.8000967], [-1.1075452, 44.8000967], [-1.1075452, 44.8000966], [-1.1075452, 44.8000965], [-1.1075452, 44.8000964], [-1.1075452, 44.8000963], [-1.1075452, 44.8000963], [-1.1075452, 44.8000963], [-1.1075452, 44.8000963], [-1.1075452, 44.8000963], [-1.1075452, 44.8000963], [-1.1075452, 44.8000963], [-1.1075452, 44.8000963], [-1.1075452, 44.8000963], [-1.1075452, 44.8000963], [-1.1075452, 44.8000963], [-1.1075452, 44.8000963], [-1.1075452, 44.8000963], [-1.1075452, 44.8000963], [-1.1075452, 44.8000963], [-1.1075452, 44.8000963], [-1.1075452, 44.8000962], [-1.1075453, 44.8000957], [-1.1075454, 44.8000945], [-1.1075455, 44.8000939], [-1.1075455, 44.8000937], [-1.1075455, 44.8000936], [-1.1075455, 44.8000936], [-1.1075455, 44.8000936], [-1.1075455, 44.8000936], [-1.1075455, 44.8000936], [-1.1075455, 44.8000936], [-1.1075455, 44.8000936], [-1.1075455, 44.8000936], [-1.1075455, 44.8000936], [-1.1075455, 44.8000936], [-1.1075455, 44.8000936], [-1.1075455, 44.8000936], [-1.1075455, 44.8000936], [-1.1075455, 44.8000936], [-1.1075455, 44.8000936], [-1.1075455, 44.8000936], [-1.1075455, 44.8000936], [-1.1075455, 44.8000936], [-1.1075455, 44.8000936], [-1.1075455, 44.8000935], [-1.1075455, 44.8000935], [-1.1075455, 44.8000934], [-1.1075455, 44.8000934], [-1.1075455, 44.8000934], [-1.1075455, 44.8000932], [-1.1075456, 44.8000929], [-1.1075458, 44.8000909], [-1.1075462, 44.8000873], [-1.1075466, 44.8000832], [-1.1075471, 44.8000787], [-1.1075474, 44.8000764], [-1.1075474, 44.8000763], [-1.1075474, 44.8000762], [-1.1075474, 44.8000761], [-1.1075474, 44.800076], [-1.1075474, 44.800076], [-1.1075474, 44.800076], [-1.1075474, 44.800076], [-1.1075474, 44.8000759], [-1.1075474, 44.8000759], [-1.1075474, 44.8000759], [-1.1075474, 44.8000759], [-1.1075474, 44.8000759], [-1.1075474, 44.8000759], [-1.1075474, 44.8000759], [-1.1075474, 44.8000759], [-1.1075474, 44.8000759], [-1.1075474, 44.8000759], [-1.1075474, 44.8000759], [-1.1075474, 44.8000759], [-1.1075475, 44.800075], [-1.1075477, 44.800073], [-1.1075483, 44.8000674], [-1.1075493, 44.8000581], [-1.10755, 44.8000519], [-1.1075504, 44.8000488], [-1.1075506, 44.800047], [-1.1075506, 44.8000466], [-1.1075506, 44.8000463], [-1.1075506, 44.8000462], [-1.1075507, 44.8000461], [-1.1075507, 44.8000461], [-1.1075507, 44.8000461], [-1.1075507, 44.8000461], [-1.1075507, 44.8000461], [-1.1075507, 44.8000461], [-1.1075507, 44.8000461], [-1.1075507, 44.8000461], [-1.1075507, 44.8000461], [-1.1075507, 44.8000461], [-1.1075507, 44.8000461], [-1.1075507, 44.8000461], [-1.1075507, 44.8000461], [-1.1075507, 44.8000461], [-1.1075507, 44.8000461], [-1.1075507, 44.8000461], [-1.1075507, 44.8000461], [-1.1075507, 44.8000461], [-1.1075507, 44.8000461], [-1.1075507, 44.8000461], [-1.1075507, 44.8000461], [-1.1075507, 44.8000461], [-1.1075507, 44.800046], [-1.1075507, 44.800046], [-1.1075507, 44.800046], [-1.1075507, 44.800046], [-1.1075507, 44.8000459], [-1.1075507, 44.8000459], [-1.1075507, 44.8000455], [-1.1075508, 44.8000448], [-1.1075509, 44.8000443], [-1.1075509, 44.8000439], [-1.1075513, 44.8000402], [-1.1075521, 44.8000331], [-1.1075531, 44.8000237], [-1.1075544, 44.8000117], [-1.1075555, 44.8000017], [-1.1075564, 44.7999935], [-1.1075568, 44.7999894], [-1.1075568, 44.7999893], [-1.1075568, 44.7999893], [-1.1075568, 44.7999893], [-1.1075568, 44.7999893], [-1.1075568, 44.7999893], [-1.1075568, 44.7999893], [-1.1075568, 44.7999893], [-1.1075568, 44.7999893], [-1.1075568, 44.7999893], [-1.1075568, 44.7999892], [-1.1075568, 44.7999892], [-1.1075568, 44.7999892], [-1.1075568, 44.7999892], [-1.1075568, 44.7999892], [-1.1075569, 44.7999891], [-1.1075569, 44.7999891], [-1.1075569, 44.7999891], [-1.1075571, 44.7999873], [-1.1075574, 44.7999837], [-1.107558, 44.7999789], [-1.1075586, 44.799973], [-1.1075585, 44.7999679], [-1.1075577, 44.7999637], [-1.1075564, 44.7999575], [-1.1075548, 44.7999491], [-1.1075527, 44.7999387], [-1.1075502, 44.7999262], [-1.1075473, 44.7999116], [-1.1075439, 44.7998949], [-1.107541, 44.7998803], [-1.1075385, 44.7998678], [-1.1075364, 44.7998574], [-1.1075348, 44.7998491], [-1.1075335, 44.7998428], [-1.1075327, 44.7998387], [-1.1075309, 44.7998355], [-1.1075282, 44.7998333], [-1.1075241, 44.7998301], [-1.1075186, 44.7998257], [-1.1075131, 44.7998214], [-1.1075077, 44.7998171], [-1.1075022, 44.7998128], [-1.1074967, 44.7998084], [-1.1074913, 44.7998041], [-1.1074858, 44.7997998], [-1.1074822, 44.7997969], [-1.1074803, 44.7997954], [-1.1074788, 44.7997942], [-1.1074776, 44.7997933], [-1.1074758, 44.7997918], [-1.1074733, 44.7997899], [-1.1074694, 44.7997868], [-1.1074639, 44.7997825], [-1.1074585, 44.7997781], [-1.107453, 44.7997738], [-1.1074489, 44.7997706], [-1.1074462, 44.7997684], [-1.1074425, 44.7997672], [-1.1074378, 44.7997671], [-1.1074309, 44.7997668], [-1.1074216, 44.7997665], [-1.10741, 44.7997661], [-1.1073961, 44.7997656], [-1.1073799, 44.7997651], [-1.1073614, 44.7997644], [-1.1073435, 44.7997638], [-1.1073264, 44.7997632], [-1.1073099, 44.7997626], [-1.1072941, 44.799762], [-1.1072807, 44.7997614], [-1.1072696, 44.799761], [-1.1072607, 44.7997606], [-1.1072542, 44.7997603], [-1.1072507, 44.7997602], [-1.1072501, 44.7997601], [-1.1072495, 44.7997601], [-1.107249, 44.7997601], [-1.1072487, 44.7997601], [-1.1072487, 44.7997601], [-1.1072487, 44.7997601], [-1.1072487, 44.7997601], [-1.1072487, 44.7997601], [-1.1072487, 44.7997601], [-1.1072487, 44.7997601], [-1.1072487, 44.7997601], [-1.1072487, 44.7997601], [-1.1072487, 44.7997601], [-1.1072487, 44.7997601], [-1.1072487, 44.7997601], [-1.1072487, 44.7997601], [-1.1072487, 44.7997601], [-1.1072487, 44.7997601], [-1.1072487, 44.7997601], [-1.1072484, 44.7997601], [-1.107248, 44.7997601], [-1.1072463, 44.79976], [-1.1072434, 44.7997598], [-1.1072406, 44.7997597], [-1.107238, 44.7997596], [-1.1072358, 44.7997595], [-1.1072341, 44.7997594], [-1.1072328, 44.7997594], [-1.107232, 44.7997593], [-1.1072311, 44.7997593], [-1.1072303, 44.7997593], [-1.1072295, 44.7997592], [-1.1072288, 44.7997592], [-1.1072283, 44.7997592], [-1.1072282, 44.7997592], [-1.1072281, 44.7997592], [-1.1072281, 44.7997592], [-1.1072281, 44.7997592], [-1.1072281, 44.7997592], [-1.1072281, 44.7997592], [-1.1072281, 44.7997592], [-1.1072281, 44.7997592], [-1.1072281, 44.7997592], [-1.1072281, 44.7997592], [-1.1072281, 44.7997592], [-1.1072281, 44.7997592], [-1.1072281, 44.7997592], [-1.1072281, 44.7997592], [-1.1072281, 44.7997592], [-1.1072281, 44.7997592], [-1.1072281, 44.7997592], [-1.1072281, 44.7997592], [-1.1072281, 44.7997592], [-1.1072281, 44.7997592], [-1.1072281, 44.7997592], [-1.1072281, 44.7997592], [-1.1072281, 44.7997592], [-1.1072281, 44.7997592], [-1.107228, 44.7997592], [-1.1072273, 44.7997591], [-1.1072257, 44.7997591], [-1.1072239, 44.799759], [-1.1072217, 44.7997589], [-1.1072175, 44.7997587], [-1.1072113, 44.7997584], [-1.1072031, 44.7997579], [-1.1071929, 44.7997574], [-1.1071847, 44.7997569], [-1.1071787, 44.7997566], [-1.1071751, 44.7997564], [-1.1071741, 44.7997563], [-1.1071736, 44.7997563], [-1.1071735, 44.7997563], [-1.1071735, 44.7997563], [-1.1071735, 44.7997563], [-1.1071735, 44.7997563], [-1.1071735, 44.7997563], [-1.1071735, 44.7997563], [-1.1071735, 44.7997563], [-1.1071735, 44.7997563], [-1.1071735, 44.7997563], [-1.1071735, 44.7997563], [-1.1071735, 44.7997563], [-1.1071735, 44.7997563], [-1.1071735, 44.7997563], [-1.1071735, 44.7997563], [-1.1071735, 44.7997563], [-1.1071735, 44.7997563], [-1.1071735, 44.7997563], [-1.1071735, 44.7997563], [-1.1071735, 44.7997563], [-1.1071735, 44.7997563], [-1.1071734, 44.7997563], [-1.1071734, 44.7997563], [-1.1071734, 44.7997563], [-1.1071734, 44.7997563], [-1.1071733, 44.7997563], [-1.1071732, 44.7997563], [-1.1071731, 44.7997563], [-1.107173, 44.7997563], [-1.1071727, 44.7997562], [-1.1071724, 44.7997562], [-1.1071721, 44.7997562], [-1.1071718, 44.7997562], [-1.1071715, 44.7997562], [-1.1071712, 44.7997561], [-1.1071708, 44.7997561], [-1.1071705, 44.7997561], [-1.1071703, 44.7997561], [-1.1071702, 44.7997561], [-1.1071702, 44.7997561], [-1.1071702, 44.7997561], [-1.1071702, 44.7997561], [-1.1071702, 44.7997561], [-1.1071702, 44.7997561], [-1.1071702, 44.7997561], [-1.1071702, 44.7997561], [-1.1071702, 44.7997561], [-1.1071702, 44.7997561], [-1.1071702, 44.7997561], [-1.1071702, 44.7997561], [-1.1071702, 44.7997561], [-1.1071702, 44.7997561], [-1.1071702, 44.7997561], [-1.1071702, 44.7997561], [-1.1071702, 44.7997561], [-1.1071702, 44.7997561], [-1.1071702, 44.7997561], [-1.1071701, 44.7997561], [-1.1071696, 44.799756], [-1.1071687, 44.799756], [-1.1071676, 44.7997559], [-1.1071665, 44.7997558], [-1.1071658, 44.7997558], [-1.1071655, 44.7997557], [-1.1071652, 44.7997557], [-1.107165, 44.7997557], [-1.1071648, 44.7997557], [-1.1071648, 44.7997557], [-1.1071648, 44.7997557], [-1.1071648, 44.7997557], [-1.1071648, 44.7997557], [-1.1071648, 44.7997557], [-1.1071648, 44.7997557], [-1.1071648, 44.7997557], [-1.1071648, 44.7997557], [-1.1071648, 44.7997557], [-1.1071648, 44.7997557], [-1.1071648, 44.7997557], [-1.1071647, 44.7997557], [-1.1071647, 44.7997557], [-1.1071647, 44.7997557], [-1.1071646, 44.7997557], [-1.1071646, 44.7997557], [-1.1071645, 44.7997557], [-1.1071644, 44.7997557], [-1.1071644, 44.7997557], [-1.1071643, 44.7997557], [-1.1071642, 44.7997557], [-1.1071642, 44.7997557], [-1.1071641, 44.7997556], [-1.107164, 44.7997556], [-1.107164, 44.7997556], [-1.107164, 44.7997556], [-1.107164, 44.7997556], [-1.107164, 44.7997556], [-1.107164, 44.7997556], [-1.1071639, 44.7997556], [-1.1071639, 44.7997556], [-1.1071633, 44.7997556], [-1.1071623, 44.7997555], [-1.1071616, 44.7997555], [-1.1071613, 44.7997555], [-1.1071612, 44.7997554], [-1.1071611, 44.7997554], [-1.1071611, 44.7997554], [-1.1071611, 44.7997554], [-1.107161, 44.7997554], [-1.107161, 44.7997554], [-1.107161, 44.7997554], [-1.107161, 44.7997554], [-1.107161, 44.7997554], [-1.107161, 44.7997554], [-1.1071609, 44.7997554], [-1.1071609, 44.7997554], [-1.1071606, 44.7997554], [-1.1071603, 44.7997554], [-1.1071597, 44.7997553], [-1.107159, 44.7997553], [-1.1071586, 44.7997553], [-1.1071586, 44.7997553], [-1.1071586, 44.7997553], [-1.1071585, 44.7997553], [-1.1071585, 44.7997553], [-1.1071585, 44.7997553], [-1.1071585, 44.7997553], [-1.1071585, 44.7997553], [-1.1071585, 44.7997553], [-1.1071585, 44.7997553], [-1.1071585, 44.7997553], [-1.1071585, 44.7997553], [-1.1071584, 44.7997553], [-1.1071584, 44.7997553], [-1.1071584, 44.7997553], [-1.1071583, 44.7997553], [-1.1071583, 44.7997552], [-1.1071582, 44.7997552], [-1.1071581, 44.7997552], [-1.107158, 44.7997552], [-1.107158, 44.7997552], [-1.107158, 44.7997552], [-1.1071579, 44.7997552], [-1.1071578, 44.7997552], [-1.1071576, 44.7997552], [-1.1071574, 44.7997552], [-1.1071572, 44.7997552], [-1.1071569, 44.7997552], [-1.1071568, 44.7997551], [-1.1071566, 44.7997551], [-1.1071565, 44.7997551], [-1.1071565, 44.7997551], [-1.1071565, 44.7997551], [-1.1071565, 44.7997551], [-1.1071565, 44.7997551], [-1.1071565, 44.7997551], [-1.1071565, 44.7997551], [-1.1071565, 44.7997551], [-1.1071565, 44.7997551], [-1.1071565, 44.7997551], [-1.1071565, 44.7997551], [-1.1071565, 44.7997551], [-1.1071565, 44.7997551], [-1.1071565, 44.7997551], [-1.1071565, 44.7997551], [-1.1071565, 44.7997551], [-1.1071565, 44.7997551], [-1.1071565, 44.7997551], [-1.1071564, 44.7997551], [-1.1071562, 44.7997551], [-1.1071557, 44.7997551], [-1.1071548, 44.799755], [-1.1071533, 44.7997549], [-1.107151, 44.7997548], [-1.1071495, 44.7997546], [-1.1071487, 44.7997546], [-1.1071481, 44.7997545], [-1.1071475, 44.7997545], [-1.1071471, 44.7997545], [-1.1071467, 44.7997545], [-1.1071462, 44.7997544], [-1.1071456, 44.7997544], [-1.1071452, 44.7997544], [-1.1071451, 44.7997543], [-1.107145, 44.7997543], [-1.1071449, 44.7997543], [-1.1071448, 44.7997543], [-1.1071448, 44.7997543], [-1.1071448, 44.7997543], [-1.1071448, 44.7997543], [-1.1071448, 44.7997543], [-1.1071448, 44.7997543], [-1.1071448, 44.7997543], [-1.1071448, 44.7997543], [-1.1071448, 44.7997543], [-1.1071448, 44.7997543], [-1.1071448, 44.7997543], [-1.1071448, 44.7997543], [-1.1071448, 44.7997543], [-1.1071448, 44.7997543], [-1.1071448, 44.7997543], [-1.1071448, 44.7997543], [-1.1071448, 44.7997543], [-1.1071448, 44.7997543], [-1.1071448, 44.7997543], [-1.1071448, 44.7997543], [-1.1071448, 44.7997543], [-1.1071448, 44.7997543], [-1.1071448, 44.7997543], [-1.1071447, 44.7997543], [-1.1071446, 44.7997543], [-1.1071446, 44.7997543], [-1.1071444, 44.7997543], [-1.1071441, 44.7997543], [-1.1071433, 44.7997542], [-1.107142, 44.7997541], [-1.1071414, 44.7997541], [-1.1071414, 44.7997541], [-1.1071414, 44.7997541], [-1.1071414, 44.7997541], [-1.1071414, 44.7997541], [-1.1071414, 44.7997541], [-1.1071414, 44.7997541], [-1.1071414, 44.7997541], [-1.1071414, 44.7997541], [-1.1071414, 44.7997541], [-1.1071414, 44.7997541], [-1.1071414, 44.7997541], [-1.1071414, 44.7997541], [-1.1071413, 44.7997541], [-1.1071413, 44.7997541], [-1.1071413, 44.7997541], [-1.1071413, 44.7997541], [-1.1071413, 44.7997541], [-1.1071413, 44.7997541], [-1.1071413, 44.7997541], [-1.1071412, 44.7997541], [-1.1071411, 44.7997541], [-1.1071409, 44.7997541], [-1.1071406, 44.799754], [-1.1071395, 44.799754], [-1.1071375, 44.7997538], [-1.1071355, 44.7997537], [-1.1071337, 44.7997536], [-1.1071306, 44.7997556], [-1.1071264, 44.7997598], [-1.1071236, 44.7997626], [-1.1071222, 44.799764], [-1.1071209, 44.7997653], [-1.1071198, 44.7997664], [-1.107119, 44.7997672], [-1.1071185, 44.7997677], [-1.1071183, 44.7997679], [-1.1071183, 44.799768], [-1.1071182, 44.799768], [-1.1071182, 44.7997681], [-1.1071181, 44.7997681], [-1.1071181, 44.7997681], [-1.1071181, 44.7997681], [-1.1071181, 44.7997681], [-1.1071181, 44.7997681], [-1.1071181, 44.7997681], [-1.1071181, 44.7997681], [-1.1071181, 44.7997681], [-1.1071181, 44.7997681], [-1.1071181, 44.7997681], [-1.107118, 44.7997682], [-1.107118, 44.7997683], [-1.1071174, 44.7997688], [-1.1071164, 44.7997699], [-1.1071137, 44.7997725], [-1.1071095, 44.7997767], [-1.1071053, 44.7997809], [-1.1071011, 44.7997851], [-1.1070948, 44.7997915], [-1.1070863, 44.7997999], [-1.1070779, 44.7998083], [-1.1070694, 44.7998168], [-1.107061, 44.7998252], [-1.1070526, 44.7998336], [-1.1070441, 44.7998421], [-1.1070357, 44.7998505], [-1.1070294, 44.7998568], [-1.1070251, 44.799861], [-1.1070223, 44.7998639], [-1.1070209, 44.7998653], [-1.1070196, 44.7998665], [-1.1070185, 44.7998676], [-1.1070177, 44.7998684], [-1.1070173, 44.7998689], [-1.107017, 44.7998692], [-1.107017, 44.7998692], [-1.1070169, 44.7998692], [-1.1070169, 44.7998693], [-1.1070168, 44.7998693], [-1.1070168, 44.7998693], [-1.1070168, 44.7998693], [-1.1070168, 44.7998693], [-1.1070168, 44.7998693], [-1.1070168, 44.7998693], [-1.1070168, 44.7998694], [-1.1070168, 44.7998694], [-1.1070168, 44.7998694], [-1.1070168, 44.7998694], [-1.1070168, 44.7998694], [-1.1070167, 44.7998695], [-1.1070161, 44.7998701], [-1.1070151, 44.7998711], [-1.1070125, 44.7998737], [-1.1070083, 44.7998779], [-1.107004, 44.7998821], [-1.1069998, 44.7998863], [-1.1069944, 44.7998927], [-1.1069878, 44.7999013], [-1.1069818, 44.7999092], [-1.1069762, 44.7999165], [-1.1069732, 44.7999204], [-1.1069728, 44.7999209], [-1.1069726, 44.7999212], [-1.1069725, 44.7999213], [-1.1069725, 44.7999213], [-1.1069725, 44.7999213], [-1.1069725, 44.7999213], [-1.1069725, 44.7999213], [-1.1069725, 44.7999213], [-1.1069725, 44.7999213], [-1.1069725, 44.7999213], [-1.1069725, 44.7999213], [-1.1069725, 44.7999213], [-1.1069725, 44.7999213], [-1.1069725, 44.7999213], [-1.1069725, 44.7999213], [-1.1069725, 44.7999213], [-1.1069725, 44.7999213], [-1.1069725, 44.7999213], [-1.1069725, 44.7999213], [-1.1069725, 44.7999213], [-1.1069725, 44.7999213], [-1.1069725, 44.7999213], [-1.1069725, 44.7999213], [-1.1069725, 44.7999213], [-1.1069725, 44.7999213], [-1.1069725, 44.7999213], [-1.1069725, 44.7999213], [-1.1069689, 44.799926], [-1.1069618, 44.7999352], [-1.1069548, 44.7999443], [-1.1069479, 44.7999534], [-1.1069441, 44.7999583], [-1.1069434, 44.7999592], [-1.1069426, 44.7999603], [-1.1069416, 44.7999616], [-1.1069405, 44.799963], [-1.1069392, 44.7999646], [-1.1069381, 44.7999661], [-1.1069372, 44.7999673], [-1.1069366, 44.7999681], [-1.1069364, 44.7999683], [-1.1069363, 44.7999685], [-1.1069362, 44.7999686], [-1.1069361, 44.7999686], [-1.1069361, 44.7999687], [-1.1069361, 44.7999687], [-1.1069361, 44.7999687], [-1.1069361, 44.7999687], [-1.1069361, 44.7999687], [-1.1069361, 44.7999687], [-1.1069361, 44.7999687], [-1.1069361, 44.7999687], [-1.1069361, 44.7999687], [-1.1069361, 44.7999687], [-1.1069361, 44.7999687], [-1.1069361, 44.7999687], [-1.1069361, 44.7999687], [-1.1069361, 44.7999687], [-1.1069361, 44.7999688], [-1.106936, 44.7999688], [-1.106936, 44.7999689], [-1.1069358, 44.7999691], [-1.1069355, 44.7999695], [-1.1069325, 44.7999734], [-1.1069269, 44.7999807], [-1.1069188, 44.7999912], [-1.1069083, 44.8000049], [-1.1068971, 44.8000195], [-1.1068853, 44.8000349], [-1.1068728, 44.8000512], [-1.1068597, 44.8000683], [-1.1068483, 44.800083], [-1.1068388, 44.8000954], [-1.1068326, 44.8001035], [-1.1068297, 44.8001073], [-1.106828, 44.8001095], [-1.1068275, 44.8001102], [-1.1068272, 44.8001105], [-1.1068271, 44.8001107], [-1.1068271, 44.8001107], [-1.1068271, 44.8001107], [-1.1068271, 44.8001107], [-1.1068271, 44.8001107], [-1.1068271, 44.8001107], [-1.1068271, 44.8001108], [-1.1068271, 44.8001108], [-1.1068271, 44.8001108], [-1.1068271, 44.8001108], [-1.1068271, 44.8001108], [-1.1068271, 44.8001108], [-1.1068271, 44.8001108], [-1.1068271, 44.8001108], [-1.1068271, 44.8001108], [-1.1068271, 44.8001108], [-1.1068271, 44.8001108], [-1.1068271, 44.8001108], [-1.106827, 44.8001108], [-1.106827, 44.8001108], [-1.106827, 44.8001108], [-1.106827, 44.8001108], [-1.106827, 44.8001108], [-1.106827, 44.8001108], [-1.1068269, 44.8001109], [-1.1068269, 44.800111], [-1.1068268, 44.8001111], [-1.1068244, 44.8001142], [-1.1068198, 44.8001203], [-1.1068159, 44.8001253], [-1.1068129, 44.8001292], [-1.1068108, 44.800132], [-1.1068095, 44.8001336], [-1.1068088, 44.8001345], [-1.1068087, 44.8001347], [-1.1068086, 44.8001348], [-1.1068086, 44.8001348], [-1.1068086, 44.8001348], [-1.1068086, 44.8001348], [-1.1068086, 44.8001348], [-1.1068086, 44.8001348], [-1.1068086, 44.8001348], [-1.1068086, 44.8001348], [-1.1068086, 44.8001348], [-1.1068086, 44.8001348], [-1.1068086, 44.8001348], [-1.1068086, 44.8001348], [-1.1068086, 44.8001348], [-1.1068086, 44.8001348], [-1.1068085, 44.8001349], [-1.1068084, 44.800135], [-1.1068083, 44.8001352], [-1.1068082, 44.8001353], [-1.1068081, 44.8001354], [-1.1068081, 44.8001354], [-1.1068081, 44.8001355], [-1.1068081, 44.8001355], [-1.106808, 44.8001356], [-1.1068078, 44.8001359], [-1.1068076, 44.8001361], [-1.1068073, 44.8001365], [-1.1068055, 44.8001388], [-1.1068022, 44.8001432], [-1.1067972, 44.8001496], [-1.1067906, 44.8001582], [-1.1067856, 44.800166], [-1.1067822, 44.8001731], [-1.1067771, 44.8001837], [-1.1067703, 44.8001979], [-1.1067634, 44.800212], [-1.1067566, 44.8002262], [-1.1067512, 44.8002373], [-1.1067473, 44.8002455], [-1.1067453, 44.8002496], [-1.1067453, 44.8002496], [-1.1067453, 44.8002497], [-1.1067452, 44.8002498], [-1.1067451, 44.8002499], [-1.1067451, 44.80025], [-1.1067451, 44.80025], [-1.1067451, 44.80025], [-1.1067451, 44.80025], [-1.1067451, 44.80025], [-1.1067451, 44.80025], [-1.1067451, 44.80025], [-1.1067451, 44.80025], [-1.1067451, 44.80025], [-1.1067451, 44.80025], [-1.1067451, 44.80025], [-1.1067451, 44.80025], [-1.1067451, 44.80025], [-1.1067451, 44.80025], [-1.1067451, 44.80025], [-1.1067451, 44.80025], [-1.1067451, 44.80025], [-1.1067451, 44.80025], [-1.1067451, 44.80025], [-1.1067451, 44.80025], [-1.1067451, 44.80025], [-1.1067451, 44.80025], [-1.1067451, 44.80025], [-1.1067451, 44.8002501], [-1.106745, 44.8002501], [-1.106745, 44.8002502], [-1.1067449, 44.8002504], [-1.1067435, 44.8002533], [-1.1067408, 44.8002588], [-1.1067367, 44.8002675], [-1.106731, 44.8002793], [-1.1067258, 44.8002899], [-1.1067213, 44.8002993], [-1.1067175, 44.8003071], [-1.1067146, 44.8003131], [-1.1067128, 44.800317], [-1.1067119, 44.8003187], [-1.1067115, 44.8003195], [-1.1067115, 44.8003195], [-1.1067115, 44.8003195], [-1.1067115, 44.8003195], [-1.1067115, 44.8003195], [-1.1067115, 44.8003195], [-1.1067115, 44.8003195], [-1.1067115, 44.8003195], [-1.1067115, 44.8003195], [-1.1067115, 44.8003195], [-1.1067115, 44.8003195], [-1.1067115, 44.8003195], [-1.1067115, 44.8003195], [-1.1067115, 44.8003195], [-1.1067115, 44.8003195], [-1.1067115, 44.8003195], [-1.1067115, 44.8003196], [-1.1067115, 44.8003196], [-1.1067115, 44.8003196], [-1.1067115, 44.8003196], [-1.1067115, 44.8003196], [-1.1067115, 44.8003197], [-1.1067114, 44.8003198], [-1.1067113, 44.8003199], [-1.1067112, 44.8003201], [-1.1067111, 44.8003203], [-1.106711, 44.8003205], [-1.106711, 44.8003207], [-1.1067108, 44.8003209], [-1.1067107, 44.8003212], [-1.1067106, 44.8003214], [-1.1067106, 44.8003214], [-1.1067105, 44.8003216], [-1.1067105, 44.8003217], [-1.1067104, 44.8003218], [-1.1067104, 44.8003218], [-1.1067104, 44.8003218], [-1.1067104, 44.8003218], [-1.1067104, 44.8003218], [-1.1067104, 44.8003218], [-1.1067104, 44.8003218], [-1.1067104, 44.8003218], [-1.1067104, 44.8003218], [-1.1067104, 44.8003218], [-1.1067104, 44.8003218], [-1.1067104, 44.8003218], [-1.1067104, 44.8003218], [-1.1067104, 44.8003218], [-1.1067104, 44.8003219], [-1.1067103, 44.800322], [-1.1067099, 44.8003228], [-1.1067092, 44.8003243], [-1.1067087, 44.8003255], [-1.1067083, 44.8003262], [-1.1067081, 44.8003266], [-1.106708, 44.8003269], [-1.1067079, 44.800327], [-1.1067079, 44.8003271], [-1.1067078, 44.8003272], [-1.1067078, 44.8003273], [-1.1067078, 44.8003273], [-1.1067078, 44.8003273], [-1.1067078, 44.8003273], [-1.1067078, 44.8003273], [-1.1067078, 44.8003273], [-1.1067077, 44.8003273], [-1.1067077, 44.8003274], [-1.1067077, 44.8003274], [-1.1067077, 44.8003274], [-1.1067077, 44.8003274], [-1.1067077, 44.8003274], [-1.1067077, 44.8003274], [-1.1067077, 44.8003274], [-1.1067077, 44.8003274], [-1.1067077, 44.8003274], [-1.1067077, 44.8003274], [-1.1067077, 44.8003274], [-1.1067077, 44.8003274], [-1.1067077, 44.8003274], [-1.1067077, 44.8003275], [-1.1067074, 44.800328], [-1.1067069, 44.8003291], [-1.1067064, 44.8003301], [-1.106706, 44.800331], [-1.1067056, 44.8003318], [-1.1067053, 44.8003324], [-1.1067042, 44.8003348], [-1.1067022, 44.8003389], [-1.1067011, 44.8003411], [-1.1067009, 44.8003415], [-1.1067008, 44.8003417], [-1.1067008, 44.8003418], [-1.1067007, 44.800342], [-1.1067006, 44.8003421], [-1.1067006, 44.8003422], [-1.1067006, 44.8003422], [-1.1067005, 44.8003423], [-1.1067005, 44.8003423], [-1.1067005, 44.8003424], [-1.1067005, 44.8003424], [-1.1067005, 44.8003424], [-1.1067005, 44.8003424], [-1.1067005, 44.8003424], [-1.1067005, 44.8003424], [-1.1067005, 44.8003424], [-1.1067005, 44.8003424], [-1.1067005, 44.8003424], [-1.1067005, 44.8003424], [-1.1067005, 44.8003424], [-1.1067005, 44.8003424], [-1.1067005, 44.8003424], [-1.1067005, 44.8003424], [-1.1067005, 44.8003424], [-1.1067005, 44.8003424], [-1.1067005, 44.8003424], [-1.1067005, 44.8003424], [-1.1067005, 44.8003424], [-1.1067004, 44.8003425], [-1.1067004, 44.8003426], [-1.1067003, 44.8003427], [-1.1067001, 44.8003431], [-1.1066998, 44.8003439], [-1.1066993, 44.8003448], [-1.1066988, 44.800346], [-1.106698, 44.8003476], [-1.1066969, 44.8003498], [-1.1066962, 44.8003512], [-1.1066959, 44.8003519], [-1.1066958, 44.8003522], [-1.1066958, 44.8003522], [-1.1066958, 44.8003522], [-1.1066958, 44.8003522], [-1.1066958, 44.8003522], [-1.1066958, 44.8003522], [-1.1066958, 44.8003522], [-1.1066958, 44.8003522], [-1.1066958, 44.8003522], [-1.1066958, 44.8003522], [-1.1066958, 44.8003522], [-1.1066958, 44.8003522], [-1.1066958, 44.8003522], [-1.1066958, 44.8003522], [-1.1066957, 44.8003522], [-1.1066957, 44.8003522], [-1.1066957, 44.8003522], [-1.1066957, 44.8003523], [-1.1066957, 44.8003524], [-1.1066956, 44.8003525], [-1.1066954, 44.8003529], [-1.1066952, 44.8003534], [-1.1066945, 44.8003548], [-1.1066934, 44.8003571], [-1.1066908, 44.8003624], [-1.1066868, 44.8003707], [-1.1066831, 44.8003784], [-1.1066797, 44.8003855], [-1.1066778, 44.8003918], [-1.1066776, 44.8003974], [-1.1066772, 44.8004058], [-1.1066767, 44.800417], [-1.1066761, 44.8004282], [-1.1066756, 44.8004394], [-1.1066751, 44.8004506], [-1.1066746, 44.8004618], [-1.106674, 44.800473], [-1.1066735, 44.8004841], [-1.1066732, 44.8004917], [-1.106673, 44.8004956], [-1.1066729, 44.8004983], [-1.1066728, 44.8004998], [-1.1066727, 44.8005008], [-1.1066727, 44.8005012], [-1.1066727, 44.8005014], [-1.1066727, 44.8005014], [-1.1066727, 44.8005014], [-1.1066727, 44.8005014], [-1.1066727, 44.8005015], [-1.1066727, 44.8005015], [-1.1066727, 44.8005015], [-1.1066727, 44.8005015], [-1.1066727, 44.8005015], [-1.1066727, 44.8005015], [-1.1066727, 44.8005015], [-1.1066727, 44.8005015], [-1.1066727, 44.8005015], [-1.1066727, 44.8005015], [-1.1066727, 44.8005015], [-1.1066727, 44.8005015], [-1.1066727, 44.8005015], [-1.1066727, 44.8005015], [-1.1066727, 44.8005015], [-1.1066727, 44.8005015], [-1.1066727, 44.8005015], [-1.1066727, 44.8005015], [-1.1066727, 44.8005015], [-1.1066727, 44.8005015], [-1.1066727, 44.8005015], [-1.1066727, 44.8005015], [-1.1066727, 44.8005015], [-1.1066727, 44.8005015], [-1.1066727, 44.8005015], [-1.1066727, 44.8005016], [-1.1066727, 44.8005017], [-1.1066727, 44.800502], [-1.1066727, 44.8005026], [-1.1066726, 44.8005033], [-1.1066725, 44.8005058], [-1.1066723, 44.80051], [-1.106668, 44.8005197], [-1.1066595, 44.8005349], [-1.106647, 44.800552], [-1.1066306, 44.8005711], [-1.1066103, 44.8005894], [-1.1065862, 44.8006069], [-1.1065582, 44.8006235], [-1.1065264, 44.8006394], [-1.1064908, 44.8006544], [-1.1064513, 44.8006686], [-1.1064079, 44.800682], [-1.1063607, 44.8006946], [-1.1063237, 44.8007043], [-1.1062968, 44.800711], [-1.10628, 44.8007149], [-1.1062735, 44.8007159], [-1.1062683, 44.8007167], [-1.1062645, 44.8007172], [-1.106262, 44.8007176], [-1.106261, 44.8007178], [-1.1062599, 44.8007179], [-1.1062587, 44.8007181], [-1.106258, 44.8007182], [-1.1062578, 44.8007182], [-1.1062577, 44.8007182], [-1.1062577, 44.8007182], [-1.1062577, 44.8007182], [-1.1062577, 44.8007182], [-1.1062577, 44.8007182], [-1.1062577, 44.8007182], [-1.1062577, 44.8007182], [-1.1062577, 44.8007182], [-1.1062577, 44.8007182], [-1.1062577, 44.8007182], [-1.1062577, 44.8007182], [-1.1062577, 44.8007182], [-1.1062577, 44.8007182], [-1.1062577, 44.8007182], [-1.1062577, 44.8007182], [-1.1062577, 44.8007182], [-1.1062577, 44.8007183], [-1.1062576, 44.8007183], [-1.1062576, 44.8007183], [-1.1062575, 44.8007183], [-1.1062565, 44.8007184], [-1.1062545, 44.8007187], [-1.1062502, 44.8007194], [-1.1062435, 44.8007204], [-1.1062382, 44.8007212], [-1.1062342, 44.8007217], [-1.1062318, 44.8007221], [-1.106231, 44.8007222], [-1.1062306, 44.8007223], [-1.1062306, 44.8007223], [-1.1062304, 44.8007223], [-1.1062301, 44.8007224], [-1.1062299, 44.8007224], [-1.1062299, 44.8007224], [-1.1062298, 44.8007224], [-1.1062298, 44.8007224], [-1.1062298, 44.8007224], [-1.1062298, 44.8007224], [-1.1062298, 44.8007224], [-1.1062298, 44.8007224], [-1.1062298, 44.8007224], [-1.1062298, 44.8007224], [-1.1062298, 44.8007224], [-1.1062298, 44.8007224], [-1.1062298, 44.8007224], [-1.1062298, 44.8007224], [-1.1062298, 44.8007224], [-1.1062298, 44.8007224], [-1.1062298, 44.8007224], [-1.1062298, 44.8007224], [-1.1062298, 44.8007224], [-1.1062298, 44.8007224], [-1.1062298, 44.8007224], [-1.1062298, 44.8007224], [-1.1062298, 44.8007224], [-1.1062298, 44.8007224], [-1.1062298, 44.8007224], [-1.1062298, 44.8007224], [-1.1062287, 44.8007226], [-1.1062265, 44.8007229], [-1.1062244, 44.8007232], [-1.1062225, 44.8007235], [-1.1062214, 44.8007236], [-1.1062211, 44.8007237], [-1.1062187, 44.800724], [-1.1062142, 44.8007247], [-1.1062112, 44.8007252], [-1.1062097, 44.8007254], [-1.1062079, 44.8007257], [-1.1062056, 44.800726], [-1.106204, 44.8007262], [-1.106203, 44.8007264], [-1.1062022, 44.8007265], [-1.1062014, 44.8007266], [-1.1062011, 44.8007267], [-1.106201, 44.8007267], [-1.106201, 44.8007267], [-1.106201, 44.8007267], [-1.106201, 44.8007267], [-1.106201, 44.8007267], [-1.106201, 44.8007267], [-1.106201, 44.8007267], [-1.106201, 44.8007267], [-1.106201, 44.8007267], [-1.106201, 44.8007267], [-1.106201, 44.8007267], [-1.106201, 44.8007267], [-1.106201, 44.8007267], [-1.106201, 44.8007267], [-1.106201, 44.8007267], [-1.1062009, 44.8007267], [-1.1062009, 44.8007267], [-1.1062009, 44.8007267], [-1.1062008, 44.8007267], [-1.1062007, 44.8007267], [-1.1062005, 44.8007268], [-1.1061969, 44.8007273], [-1.1061899, 44.8007283], [-1.1061732, 44.8007308], [-1.1061467, 44.8007348], [-1.1061178, 44.8007391], [-1.1060865, 44.8007437], [-1.1060553, 44.8007484], [-1.106024, 44.800753], [-1.1059927, 44.8007577], [-1.1059614, 44.8007623], [-1.1059379, 44.8007658], [-1.1059223, 44.8007681], [-1.105909, 44.8007709], [-1.1058982, 44.8007742], [-1.1058865, 44.8007778], [-1.1058739, 44.8007816], [-1.1058675, 44.8007835], [-1.1058672, 44.8007836], [-1.1058671, 44.8007837], [-1.105867, 44.8007837], [-1.1058669, 44.8007837], [-1.1058669, 44.8007837], [-1.1058669, 44.8007837], [-1.1058669, 44.8007837], [-1.1058669, 44.8007837], [-1.1058669, 44.8007837], [-1.1058669, 44.8007837], [-1.1058669, 44.8007837], [-1.1058668, 44.8007837], [-1.1058668, 44.8007838], [-1.1058666, 44.8007838], [-1.1058662, 44.8007839], [-1.1058657, 44.8007841], [-1.105865, 44.8007843], [-1.1058637, 44.8007847], [-1.1058617, 44.8007853], [-1.1058579, 44.8007864], [-1.1058522, 44.8007882], [-1.105848, 44.8007894], [-1.1058452, 44.8007903], [-1.1058431, 44.8007909], [-1.1058416, 44.8007914], [-1.1058407, 44.8007917], [-1.1058403, 44.8007918], [-1.1058399, 44.8007919], [-1.1058397, 44.800792], [-1.1058395, 44.800792], [-1.1058393, 44.8007921], [-1.1058392, 44.8007921], [-1.1058392, 44.8007921], [-1.1058392, 44.8007921], [-1.1058392, 44.8007921], [-1.1058392, 44.8007921], [-1.1058392, 44.8007921], [-1.1058392, 44.8007921], [-1.1058392, 44.8007921], [-1.1058392, 44.8007921], [-1.1058392, 44.8007921], [-1.1058392, 44.8007921], [-1.1058392, 44.8007921], [-1.1058392, 44.8007921], [-1.1058392, 44.8007921], [-1.1058392, 44.8007921], [-1.1058392, 44.8007921], [-1.1058391, 44.8007921], [-1.1058391, 44.8007921], [-1.105839, 44.8007922], [-1.1058389, 44.8007922], [-1.1058386, 44.8007923], [-1.1058381, 44.8007924], [-1.1058358, 44.8007931], [-1.1058318, 44.8007943], [-1.1058239, 44.8007968], [-1.1058119, 44.8008004], [-1.1057951, 44.8008055], [-1.1057734, 44.800812], [-1.1057548, 44.8008177], [-1.1057394, 44.8008224], [-1.10573, 44.8008252], [-1.1057266, 44.8008262], [-1.1057246, 44.8008268], [-1.105724, 44.800827], [-1.1057237, 44.8008271], [-1.1057237, 44.8008271], [-1.1057237, 44.8008271], [-1.1057237, 44.8008271], [-1.1057237, 44.8008271], [-1.1057237, 44.8008271], [-1.1057237, 44.8008271], [-1.1057236, 44.8008271], [-1.1057236, 44.8008271], [-1.1057236, 44.8008271], [-1.1057232, 44.8008273], [-1.1057224, 44.8008275], [-1.1057211, 44.8008279], [-1.1057194, 44.8008284], [-1.1057183, 44.8008288], [-1.1057179, 44.8008289], [-1.1057173, 44.800829], [-1.1057166, 44.8008293], [-1.1057154, 44.8008296], [-1.105714, 44.8008301], [-1.1057122, 44.8008306], [-1.1057102, 44.8008312], [-1.1057088, 44.8008316], [-1.1057083, 44.8008318], [-1.1057079, 44.8008319], [-1.1057078, 44.8008319], [-1.1057077, 44.800832], [-1.1057077, 44.800832], [-1.1057077, 44.800832], [-1.1057077, 44.800832], [-1.1057077, 44.800832], [-1.1057077, 44.800832], [-1.1057073, 44.8008321], [-1.1057065, 44.8008323], [-1.1057049, 44.8008328], [-1.1057024, 44.8008336], [-1.1056996, 44.8008344], [-1.1056967, 44.8008353], [-1.1056933, 44.8008363], [-1.1056895, 44.8008375], [-1.1056872, 44.8008382], [-1.1056865, 44.8008384], [-1.1056861, 44.8008385], [-1.1056861, 44.8008385], [-1.1056861, 44.8008385], [-1.1056861, 44.8008385], [-1.1056861, 44.8008385], [-1.1056861, 44.8008385], [-1.1056861, 44.8008385], [-1.1056861, 44.8008385], [-1.1056861, 44.8008385], [-1.1056861, 44.8008385], [-1.1056861, 44.8008385], [-1.1056861, 44.8008385], [-1.1056861, 44.8008385], [-1.1056861, 44.8008385], [-1.1056861, 44.8008385], [-1.1056861, 44.8008385], [-1.1056861, 44.8008385], [-1.105686, 44.8008385], [-1.1056859, 44.8008386], [-1.1056858, 44.8008386], [-1.1056856, 44.8008387], [-1.1056853, 44.8008387], [-1.1056849, 44.8008389], [-1.1056845, 44.800839], [-1.1056839, 44.8008392], [-1.105683, 44.8008394], [-1.1056824, 44.8008396], [-1.1056821, 44.8008397], [-1.1056816, 44.8008399], [-1.1056807, 44.8008401], [-1.1056798, 44.8008404], [-1.1056789, 44.8008407], [-1.105676, 44.8008416], [-1.1056712, 44.800843], [-1.1056664, 44.8008445], [-1.1056615, 44.800846], [-1.1056546, 44.8008481], [-1.1056458, 44.8008507], [-1.1056403, 44.8008524], [-1.1056383, 44.800853], [-1.1056372, 44.8008533], [-1.1056372, 44.8008533], [-1.1056372, 44.8008533], [-1.1056372, 44.8008533], [-1.1056372, 44.8008533], [-1.1056372, 44.8008533], [-1.1056372, 44.8008533], [-1.1056372, 44.8008533], [-1.1056372, 44.8008533], [-1.1056372, 44.8008533], [-1.1056372, 44.8008533], [-1.1056372, 44.8008533], [-1.1056372, 44.8008533], [-1.1056372, 44.8008533], [-1.1056372, 44.8008533], [-1.1056372, 44.8008533], [-1.1056372, 44.8008533], [-1.1056372, 44.8008533], [-1.1056372, 44.8008533], [-1.1056372, 44.8008533], [-1.1056371, 44.8008533], [-1.1056371, 44.8008534], [-1.105637, 44.8008534], [-1.1056369, 44.8008534], [-1.1056367, 44.8008535], [-1.1056366, 44.8008535], [-1.1056364, 44.8008536], [-1.1056362, 44.8008536], [-1.1056352, 44.8008539], [-1.1056333, 44.8008545], [-1.10563, 44.8008555], [-1.1056252, 44.800857], [-1.1056216, 44.800858], [-1.1056193, 44.8008588], [-1.1056179, 44.8008592], [-1.1056174, 44.8008593], [-1.1056171, 44.8008594], [-1.105617, 44.8008594], [-1.1056169, 44.8008595], [-1.1056169, 44.8008595], [-1.1056169, 44.8008595], [-1.1056169, 44.8008595], [-1.1056169, 44.8008595], [-1.1056169, 44.8008595], [-1.1056169, 44.8008595], [-1.1056169, 44.8008595], [-1.1056169, 44.8008595], [-1.1056169, 44.8008595], [-1.1056169, 44.8008595], [-1.1056169, 44.8008595], [-1.1056169, 44.8008595], [-1.1056169, 44.8008595], [-1.1056169, 44.8008595], [-1.1056169, 44.8008595], [-1.1056099, 44.8008616], [-1.1055959, 44.8008658], [-1.1055836, 44.8008696], [-1.1055727, 44.8008729], [-1.1055642, 44.8008766], [-1.1055582, 44.8008809], [-1.1055491, 44.8008873], [-1.105537, 44.8008958], [-1.1055309, 44.8009001], [-1.1055308, 44.8009002], [-1.1055307, 44.8009002], [-1.1055306, 44.8009002], [-1.1055306, 44.8009003], [-1.1055306, 44.8009003], [-1.1055306, 44.8009003], [-1.1055306, 44.8009003], [-1.1055306, 44.8009003], [-1.1055306, 44.8009003], [-1.1055306, 44.8009003], [-1.1055305, 44.8009003], [-1.1055305, 44.8009004], [-1.1055304, 44.8009004], [-1.1055303, 44.8009005], [-1.10553, 44.8009007], [-1.1055294, 44.8009011], [-1.1055285, 44.8009017], [-1.1055268, 44.8009029], [-1.1055242, 44.8009048], [-1.1055188, 44.8009085], [-1.1055108, 44.8009142], [-1.1055007, 44.8009213], [-1.1054886, 44.8009298], [-1.1054781, 44.8009371], [-1.1054694, 44.8009432], [-1.1054642, 44.8009469], [-1.1054626, 44.800948], [-1.1054613, 44.8009489], [-1.1054603, 44.8009496], [-1.1054598, 44.80095], [-1.1054597, 44.80095], [-1.1054594, 44.8009502], [-1.105459, 44.8009505], [-1.1054588, 44.8009507], [-1.1054587, 44.8009507], [-1.1054587, 44.8009507], [-1.1054587, 44.8009507], [-1.1054587, 44.8009508], [-1.1054587, 44.8009508], [-1.1054587, 44.8009508], [-1.1054586, 44.8009508], [-1.1054586, 44.8009508], [-1.1054586, 44.8009508], [-1.1054586, 44.8009508], [-1.1054585, 44.8009508], [-1.1054585, 44.8009509], [-1.1054584, 44.8009509], [-1.1054582, 44.8009511], [-1.1054579, 44.8009513], [-1.1054569, 44.800952], [-1.1054551, 44.8009532], [-1.1054526, 44.800955], [-1.1054493, 44.8009573], [-1.1054472, 44.8009588], [-1.1054461, 44.8009596], [-1.1054456, 44.80096], [-1.1054455, 44.80096], [-1.1054455, 44.80096], [-1.1054455, 44.80096], [-1.1054455, 44.80096], [-1.1054455, 44.80096], [-1.1054454, 44.80096], [-1.1054454, 44.8009601], [-1.1054439, 44.8009611], [-1.1054409, 44.8009632], [-1.1054388, 44.8009647], [-1.1054374, 44.8009657], [-1.1054364, 44.8009664], [-1.1054358, 44.8009668], [-1.1054355, 44.800967], [-1.1054354, 44.800967], [-1.1054354, 44.8009671], [-1.1054354, 44.8009671], [-1.1054354, 44.8009671], [-1.1054354, 44.8009671], [-1.1054354, 44.8009671], [-1.1054354, 44.8009671], [-1.1054354, 44.8009671], [-1.1054354, 44.8009671], [-1.1054354, 44.8009671], [-1.1054354, 44.8009671], [-1.1054354, 44.8009671], [-1.1054354, 44.8009671], [-1.1054354, 44.8009671], [-1.1054354, 44.8009671], [-1.1054354, 44.8009671], [-1.1054354, 44.8009671], [-1.1054354, 44.8009671], [-1.1054354, 44.8009671], [-1.1054354, 44.8009671], [-1.1054354, 44.8009671], [-1.1054353, 44.8009671], [-1.1054353, 44.8009671], [-1.105434, 44.8009681], [-1.1054314, 44.8009699], [-1.1054287, 44.8009718], [-1.1054259, 44.8009737], [-1.1054241, 44.800975], [-1.1054233, 44.8009756], [-1.1054205, 44.8009775], [-1.1054158, 44.8009808], [-1.1054134, 44.8009825], [-1.1054132, 44.8009827], [-1.1054129, 44.8009829], [-1.1054125, 44.8009832], [-1.1054121, 44.8009834], [-1.1054118, 44.8009836], [-1.1054116, 44.8009838], [-1.1054116, 44.8009838], [-1.1054115, 44.8009838], [-1.1054115, 44.8009838], [-1.1054115, 44.8009838], [-1.1054115, 44.8009838], [-1.1054115, 44.8009838], [-1.1054115, 44.8009838], [-1.1054115, 44.8009838], [-1.1054115, 44.8009838], [-1.1054115, 44.8009839], [-1.1054115, 44.8009839], [-1.1054115, 44.8009839], [-1.1054115, 44.8009839], [-1.1054115, 44.8009839], [-1.1054115, 44.8009839], [-1.1054115, 44.8009839], [-1.1054115, 44.8009839], [-1.1054115, 44.8009839], [-1.1054114, 44.8009839], [-1.105411, 44.8009842], [-1.1054102, 44.8009847], [-1.1054074, 44.8009867], [-1.1054026, 44.8009901], [-1.1054, 44.8009919], [-1.1053998, 44.8009921], [-1.1053996, 44.8009922], [-1.1053994, 44.8009923], [-1.1053994, 44.8009924], [-1.1053993, 44.8009924], [-1.1053993, 44.8009924], [-1.1053993, 44.8009924], [-1.1053993, 44.8009924], [-1.1053993, 44.8009924], [-1.1053993, 44.8009924], [-1.1053993, 44.8009924], [-1.1053993, 44.8009924], [-1.1053993, 44.8009924], [-1.1053993, 44.8009924], [-1.1053993, 44.8009924], [-1.1053993, 44.8009924], [-1.1053993, 44.8009924], [-1.1053993, 44.8009924], [-1.1053993, 44.8009924], [-1.1053992, 44.8009925], [-1.1053991, 44.8009925], [-1.105399, 44.8009926], [-1.1053988, 44.8009928], [-1.1053983, 44.8009931], [-1.1053976, 44.8009936], [-1.1053959, 44.8009948], [-1.1053933, 44.8009966], [-1.1053904, 44.8009986], [-1.1053872, 44.8010009], [-1.1053826, 44.8010041], [-1.1053766, 44.8010084], [-1.1053719, 44.8010117], [-1.1053687, 44.8010142], [-1.1053659, 44.8010164], [-1.1053635, 44.8010183], [-1.1053618, 44.8010196], [-1.1053608, 44.8010204], [-1.1053602, 44.8010208], [-1.1053601, 44.8010209], [-1.10536, 44.801021], [-1.1053599, 44.801021], [-1.1053599, 44.8010211], [-1.1053599, 44.8010211], [-1.1053599, 44.8010211], [-1.1053599, 44.8010211], [-1.1053599, 44.8010211], [-1.1053599, 44.8010211], [-1.1053599, 44.8010211], [-1.1053599, 44.8010211], [-1.1053599, 44.8010211], [-1.1053599, 44.8010211], [-1.1053599, 44.8010211], [-1.1053599, 44.8010211], [-1.1053599, 44.8010211], [-1.1053599, 44.8010211], [-1.1053599, 44.8010211], [-1.1053599, 44.8010211], [-1.1053599, 44.8010211], [-1.1053599, 44.8010211], [-1.1053599, 44.8010211], [-1.1053599, 44.8010211], [-1.1053599, 44.8010211], [-1.1053598, 44.8010211], [-1.1053598, 44.8010212], [-1.1053596, 44.8010213], [-1.1053595, 44.8010214], [-1.1053594, 44.8010214], [-1.1053593, 44.8010215], [-1.1053591, 44.8010217], [-1.1053588, 44.8010219], [-1.1053584, 44.8010223], [-1.1053578, 44.8010227], [-1.1053572, 44.8010232], [-1.1053562, 44.8010239], [-1.105355, 44.8010248], [-1.1053533, 44.8010262], [-1.1053511, 44.8010278], [-1.1053495, 44.8010291], [-1.1053485, 44.8010299], [-1.105348, 44.8010303], [-1.1053479, 44.8010304], [-1.1053478, 44.8010304], [-1.1053477, 44.8010305], [-1.1053477, 44.8010305], [-1.1053477, 44.8010305], [-1.1053476, 44.8010306], [-1.1053476, 44.8010306], [-1.1053476, 44.8010306], [-1.1053476, 44.8010306], [-1.1053476, 44.8010306], [-1.1053476, 44.8010306], [-1.1053476, 44.8010306], [-1.1053476, 44.8010306], [-1.1053476, 44.8010306], [-1.1053476, 44.8010306], [-1.1053476, 44.8010306], [-1.1053476, 44.8010306], [-1.1053476, 44.8010306], [-1.1053476, 44.8010306], [-1.1053475, 44.8010307], [-1.1053472, 44.8010309], [-1.1053455, 44.8010322], [-1.1053424, 44.8010346], [-1.1053395, 44.8010369], [-1.1053367, 44.8010391], [-1.1053321, 44.8010426], [-1.1053257, 44.8010476], [-1.1053211, 44.8010511], [-1.1053184, 44.8010532], [-1.105317, 44.8010543], [-1.105317, 44.8010543], [-1.1053167, 44.8010545], [-1.1053161, 44.801055], [-1.1053158, 44.8010552], [-1.1053157, 44.8010553], [-1.1053156, 44.8010554], [-1.1053156, 44.8010554], [-1.1053156, 44.8010554], [-1.1053156, 44.8010554], [-1.1053156, 44.8010554], [-1.1053156, 44.8010554], [-1.1053156, 44.8010554], [-1.1053156, 44.8010554], [-1.1053156, 44.8010554], [-1.1053156, 44.8010554], [-1.1053156, 44.8010554], [-1.1053156, 44.8010554], [-1.1053156, 44.8010554], [-1.1053156, 44.8010554], [-1.1053156, 44.8010554], [-1.1053156, 44.8010554], [-1.1053156, 44.8010554], [-1.1053156, 44.8010554], [-1.1053149, 44.8010559], [-1.1053137, 44.8010569], [-1.1053122, 44.801058], [-1.1053106, 44.8010593], [-1.1053092, 44.8010604], [-1.105308, 44.8010613], [-1.1053074, 44.8010617], [-1.1053074, 44.8010617], [-1.1053074, 44.8010617], [-1.1053074, 44.8010617], [-1.1053074, 44.8010617], [-1.1053074, 44.8010617], [-1.1053074, 44.8010617], [-1.1053074, 44.8010617], [-1.1053074, 44.8010617], [-1.1053074, 44.8010617], [-1.1053074, 44.8010617], [-1.1053074, 44.8010617], [-1.1053074, 44.8010617], [-1.1053074, 44.8010617], [-1.1053074, 44.8010617], [-1.1053074, 44.8010617], [-1.1053073, 44.8010618], [-1.1053072, 44.8010619], [-1.1053069, 44.8010621], [-1.1053063, 44.8010625], [-1.1053022, 44.8010657], [-1.1052945, 44.8010717], [-1.105288, 44.8010768], [-1.1052827, 44.8010808], [-1.1052798, 44.8010831], [-1.1052793, 44.8010835], [-1.1052789, 44.8010838], [-1.1052786, 44.801084], [-1.1052784, 44.8010842], [-1.1052783, 44.8010842], [-1.1052783, 44.8010843], [-1.1052783, 44.8010843], [-1.1052783, 44.8010843], [-1.1052783, 44.8010843], [-1.1052783, 44.8010843], [-1.1052782, 44.8010843], [-1.1052782, 44.8010843], [-1.1052782, 44.8010843], [-1.1052782, 44.8010843], [-1.1052782, 44.8010843], [-1.1052782, 44.8010843], [-1.1052782, 44.8010843], [-1.1052782, 44.8010843], [-1.1052782, 44.8010843], [-1.1052782, 44.8010843], [-1.1052782, 44.8010843], [-1.1052782, 44.8010843], [-1.1052782, 44.8010843], [-1.1052782, 44.8010843], [-1.1052782, 44.8010844], [-1.1052782, 44.8010844], [-1.1052781, 44.8010844], [-1.105278, 44.8010845], [-1.1052779, 44.8010846], [-1.1052763, 44.8010858], [-1.1052731, 44.8010883], [-1.1052713, 44.8010899], [-1.105271, 44.8010906], [-1.1052705, 44.8010916], [-1.1052699, 44.801093], [-1.1052694, 44.8010939], [-1.1052692, 44.8010944], [-1.105269, 44.8010948], [-1.1052688, 44.8010953], [-1.1052686, 44.8010957], [-1.1052685, 44.801096], [-1.1052683, 44.8010963], [-1.1052682, 44.8010966], [-1.1052681, 44.8010967], [-1.1052681, 44.8010967], [-1.1052681, 44.8010968], [-1.1052681, 44.8010968], [-1.1052681, 44.8010968], [-1.1052681, 44.8010968], [-1.1052681, 44.8010968], [-1.1052681, 44.8010968], [-1.1052681, 44.8010968], [-1.1052681, 44.8010968], [-1.1052681, 44.8010968], [-1.1052681, 44.8010968], [-1.1052681, 44.8010968], [-1.1052681, 44.8010968], [-1.1052681, 44.8010968], [-1.1052681, 44.8010968], [-1.1052681, 44.8010968], [-1.1052681, 44.8010968], [-1.1052681, 44.8010968], [-1.1052681, 44.8010968], [-1.1052681, 44.8010968], [-1.1052681, 44.8010968], [-1.105268, 44.8010969], [-1.105268, 44.801097], [-1.1052679, 44.8010973], [-1.1052677, 44.8010976], [-1.105267, 44.8010992], [-1.1052657, 44.8011019], [-1.1052646, 44.8011044], [-1.1052636, 44.8011064], [-1.1052629, 44.8011078], [-1.1052626, 44.8011086], [-1.1052624, 44.801109], [-1.1052623, 44.8011091], [-1.1052623, 44.8011093], [-1.1052621, 44.8011096], [-1.105262, 44.8011098], [-1.105262, 44.8011099], [-1.1052619, 44.80111], [-1.1052619, 44.80111], [-1.1052619, 44.8011101], [-1.1052619, 44.8011101], [-1.1052619, 44.8011101], [-1.1052619, 44.8011101], [-1.1052619, 44.8011101], [-1.1052619, 44.8011101], [-1.1052619, 44.8011101], [-1.1052618, 44.8011102], [-1.1052617, 44.8011106], [-1.1052613, 44.8011113], [-1.1052617, 44.8011142], [-1.1052628, 44.8011195], [-1.1052643, 44.8011275], [-1.1052665, 44.8011381], [-1.1052691, 44.8011513], [-1.1052723, 44.8011672], [-1.105276, 44.8011857], [-1.1052802, 44.8012068], [-1.1052839, 44.8012254], [-1.1052871, 44.8012412], [-1.1052897, 44.8012545], [-1.1052918, 44.801265], [-1.1052934, 44.801273], [-1.1052945, 44.8012783], [-1.1052962, 44.8012859], [-1.1052987, 44.8012958], [-1.1053005, 44.8013034], [-1.1053018, 44.8013087], [-1.1053026, 44.8013117], [-1.1053027, 44.8013122], [-1.1053028, 44.8013125], [-1.1053028, 44.8013125], [-1.1053028, 44.8013126], [-1.1053028, 44.8013127], [-1.1053028, 44.8013127], [-1.1053028, 44.8013127], [-1.1053028, 44.8013127], [-1.1053028, 44.8013127], [-1.1053028, 44.8013127], [-1.1053028, 44.8013127], [-1.1053028, 44.8013127], [-1.1053028, 44.8013127], [-1.1053028, 44.8013127], [-1.1053028, 44.8013127], [-1.1053028, 44.8013127], [-1.1053028, 44.8013127], [-1.1053028, 44.8013127], [-1.1053028, 44.8013127], [-1.1053029, 44.8013128], [-1.1053029, 44.8013128], [-1.105303, 44.8013132], [-1.1053031, 44.8013139], [-1.1053036, 44.8013159], [-1.1053044, 44.8013192], [-1.105306, 44.8013257], [-1.1053084, 44.8013354], [-1.1053102, 44.8013426], [-1.1053113, 44.8013471], [-1.105312, 44.8013499], [-1.1053122, 44.8013509], [-1.1053124, 44.8013516], [-1.1053125, 44.8013521], [-1.1053126, 44.8013524], [-1.1053126, 44.8013525], [-1.1053127, 44.8013526], [-1.1053127, 44.8013526], [-1.1053127, 44.8013527], [-1.1053127, 44.8013527], [-1.1053127, 44.8013527], [-1.1053127, 44.8013527], [-1.1053127, 44.8013527], [-1.1053127, 44.8013527], [-1.1053127, 44.8013527], [-1.1053127, 44.8013527], [-1.1053127, 44.8013527], [-1.1053127, 44.8013527], [-1.1053127, 44.8013527], [-1.1053127, 44.8013527], [-1.1053127, 44.8013527], [-1.1053127, 44.8013528], [-1.1053128, 44.801353], [-1.1053128, 44.8013534], [-1.1053131, 44.8013546], [-1.1053137, 44.8013566], [-1.105314, 44.8013581], [-1.1053142, 44.801359], [-1.1053156, 44.8013645], [-1.1053181, 44.8013747], [-1.1053201, 44.8013828], [-1.1053216, 44.8013887], [-1.1053224, 44.801392], [-1.1053225, 44.8013927], [-1.1053227, 44.8013933], [-1.1053228, 44.8013938], [-1.1053229, 44.8013941], [-1.1053229, 44.8013942], [-1.1053229, 44.8013942], [-1.1053229, 44.8013942], [-1.1053229, 44.8013942], [-1.1053229, 44.8013942], [-1.1053229, 44.8013942], [-1.1053229, 44.8013942], [-1.1053229, 44.8013942], [-1.1053229, 44.8013942], [-1.1053229, 44.8013942], [-1.1053229, 44.8013942], [-1.1053229, 44.8013942], [-1.1053229, 44.8013942], [-1.1053229, 44.8013942], [-1.1053229, 44.8013942], [-1.1053229, 44.8013943], [-1.105323, 44.8013944], [-1.105323, 44.8013946], [-1.1053231, 44.801395], [-1.1053234, 44.8013964], [-1.105324, 44.8013987], [-1.1053255, 44.8014048], [-1.1053279, 44.8014145], [-1.1053316, 44.8014293], [-1.1053364, 44.8014491], [-1.1053413, 44.8014689], [-1.1053462, 44.8014887], [-1.105352, 44.8015134], [-1.1053589, 44.8015431], [-1.1053668, 44.8015778], [-1.1053756, 44.8016175], [-1.1053842, 44.8016572], [-1.1053926, 44.8016969], [-1.1054008, 44.8017367], [-1.1054087, 44.8017764], [-1.1054165, 44.8018162], [-1.105424, 44.801856], [-1.1054312, 44.8018959], [-1.1054383, 44.8019357], [-1.1054451, 44.8019756], [-1.1054517, 44.8020155], [-1.1054581, 44.8020554], [-1.1054642, 44.8020954], [-1.1054696, 44.8021304], [-1.1054742, 44.8021603], [-1.1054773, 44.8021804], [-1.1054788, 44.8021906], [-1.1054796, 44.8021958], [-1.1054796, 44.8021958], [-1.1054796, 44.8021958], [-1.1054796, 44.8021958], [-1.1054796, 44.8021958], [-1.1054796, 44.8021958], [-1.1054796, 44.8021958], [-1.1054796, 44.8021958], [-1.1054796, 44.8021959], [-1.1054797, 44.802196], [-1.1054797, 44.8021965], [-1.1054799, 44.8021974], [-1.1054806, 44.8022022], [-1.105482, 44.8022109], [-1.1054834, 44.8022203], [-1.1054849, 44.8022302], [-1.1054863, 44.8022381], [-1.1054874, 44.8022439], [-1.1054892, 44.8022526], [-1.1054915, 44.8022641], [-1.1054944, 44.8022785], [-1.1054978, 44.8022958], [-1.1055018, 44.802316], [-1.1055065, 44.8023391], [-1.1055105, 44.8023593], [-1.105514, 44.8023767], [-1.1055168, 44.8023911], [-1.1055191, 44.8024026], [-1.1055209, 44.8024113], [-1.105522, 44.8024171], [-1.105523, 44.8024207], [-1.1055238, 44.8024223], [-1.1055246, 44.8024239], [-1.1055254, 44.8024255], [-1.1055259, 44.8024266], [-1.1055262, 44.8024272], [-1.1055264, 44.8024275], [-1.1055265, 44.8024277], [-1.1055266, 44.802428], [-1.1055268, 44.8024283], [-1.1055269, 44.8024285], [-1.1055269, 44.8024285], [-1.1055269, 44.8024285], [-1.1055269, 44.8024286], [-1.1055269, 44.8024286], [-1.1055269, 44.8024286], [-1.1055269, 44.8024286], [-1.1055269, 44.8024286], [-1.1055269, 44.8024286], [-1.1055269, 44.8024286], [-1.1055269, 44.8024286], [-1.1055269, 44.8024286], [-1.1055269, 44.8024286], [-1.1055269, 44.8024286], [-1.1055269, 44.8024286], [-1.1055269, 44.8024286], [-1.1055269, 44.8024286], [-1.1055269, 44.8024286], [-1.1055269, 44.8024286], [-1.1055269, 44.8024286], [-1.1055269, 44.8024286], [-1.1055269, 44.8024286], [-1.1055269, 44.8024286], [-1.1055269, 44.8024286], [-1.1055269, 44.8024286], [-1.1055269, 44.8024286], [-1.1055269, 44.8024286], [-1.1055269, 44.8024286], [-1.105527, 44.8024288], [-1.1055272, 44.8024291], [-1.1055276, 44.80243], [-1.1055283, 44.8024314], [-1.1055287, 44.8024322], [-1.1055287, 44.8024322], [-1.1055288, 44.8024323], [-1.1055288, 44.8024325], [-1.1055289, 44.8024325], [-1.1055289, 44.8024326], [-1.1055289, 44.8024326], [-1.1055289, 44.8024326], [-1.1055289, 44.8024326], [-1.1055289, 44.8024326], [-1.1055289, 44.8024326], [-1.1055289, 44.8024326], [-1.1055289, 44.8024326], [-1.1055289, 44.8024326], [-1.1055289, 44.8024326], [-1.1055289, 44.8024326], [-1.1055289, 44.8024326], [-1.1055289, 44.8024326], [-1.1055289, 44.8024326], [-1.1055289, 44.8024326], [-1.1055289, 44.8024326], [-1.1055289, 44.8024326], [-1.1055289, 44.8024326], [-1.1055289, 44.8024326], [-1.1055289, 44.8024326], [-1.1055289, 44.8024326], [-1.1055289, 44.8024326], [-1.1055289, 44.8024326], [-1.1055289, 44.8024326], [-1.1055289, 44.8024326], [-1.1055289, 44.8024326], [-1.1055289, 44.8024326], [-1.1055289, 44.8024327], [-1.105529, 44.8024327], [-1.1055293, 44.8024335], [-1.10553, 44.8024348], [-1.1055308, 44.8024364], [-1.1055316, 44.8024382], [-1.1055322, 44.8024392], [-1.1055323, 44.8024396], [-1.1055325, 44.80244], [-1.1055328, 44.8024404], [-1.1055329, 44.8024407], [-1.105533, 44.8024408], [-1.105533, 44.8024409], [-1.1055331, 44.802441], [-1.1055331, 44.8024411], [-1.1055331, 44.8024411], [-1.1055331, 44.8024411], [-1.1055331, 44.8024411], [-1.1055331, 44.8024411], [-1.1055331, 44.8024411], [-1.1055331, 44.8024411], [-1.1055331, 44.8024411], [-1.1055331, 44.8024411], [-1.1055331, 44.8024411], [-1.1055331, 44.8024411], [-1.1055331, 44.8024411], [-1.1055331, 44.8024411], [-1.1055331, 44.8024411], [-1.1055331, 44.8024411], [-1.1055331, 44.8024411], [-1.1055331, 44.8024411], [-1.1055331, 44.8024411], [-1.1055331, 44.8024411], [-1.1055331, 44.8024412], [-1.1055332, 44.8024412], [-1.1055332, 44.8024413], [-1.1055333, 44.8024414], [-1.1055334, 44.8024416], [-1.105534, 44.802443], [-1.1055353, 44.8024456], [-1.1055361, 44.8024471], [-1.1055363, 44.8024475], [-1.1055364, 44.8024477], [-1.1055364, 44.8024479], [-1.1055365, 44.802448], [-1.1055365, 44.802448], [-1.1055366, 44.8024481], [-1.1055366, 44.8024481], [-1.1055366, 44.8024481], [-1.1055366, 44.8024481], [-1.1055366, 44.8024481], [-1.1055366, 44.8024481], [-1.1055366, 44.8024481], [-1.1055366, 44.8024481], [-1.1055366, 44.8024481], [-1.1055366, 44.8024481], [-1.1055366, 44.8024481], [-1.1055366, 44.8024481], [-1.1055366, 44.8024481], [-1.1055366, 44.8024483], [-1.105537, 44.802449], [-1.1055377, 44.8024504], [-1.1055384, 44.8024518], [-1.1055391, 44.8024532], [-1.1055396, 44.8024543], [-1.1055399, 44.8024549], [-1.1055401, 44.8024552], [-1.1055401, 44.8024552], [-1.1055401, 44.8024552], [-1.1055401, 44.8024552], [-1.1055401, 44.8024552], [-1.1055401, 44.8024552], [-1.1055401, 44.8024552], [-1.1055401, 44.8024552], [-1.1055401, 44.8024552], [-1.1055401, 44.8024552], [-1.1055401, 44.8024552], [-1.1055401, 44.8024552], [-1.1055401, 44.8024552], [-1.1055401, 44.8024552], [-1.1055401, 44.8024552], [-1.1055401, 44.8024552], [-1.1055401, 44.8024553], [-1.1055402, 44.8024555], [-1.1055404, 44.8024558], [-1.1055406, 44.8024563], [-1.1055408, 44.8024566], [-1.1055408, 44.8024567], [-1.1055409, 44.8024568], [-1.1055409, 44.8024569], [-1.105541, 44.802457], [-1.105541, 44.8024571], [-1.1055411, 44.8024572], [-1.1055411, 44.8024572], [-1.1055411, 44.8024572], [-1.1055411, 44.8024572], [-1.1055411, 44.8024572], [-1.1055411, 44.8024572], [-1.1055411, 44.8024572], [-1.1055411, 44.8024572], [-1.1055411, 44.8024572], [-1.1055411, 44.8024572], [-1.1055411, 44.8024572], [-1.1055411, 44.8024572], [-1.1055411, 44.8024572], [-1.1055411, 44.8024572], [-1.1055411, 44.8024573]], [[-0.9892124, 44.8852937], [-0.9893104, 44.8866034], [-0.990246, 44.8874517], [-0.9920191, 44.8878384], [-0.9936796, 44.8880648], [-0.9952276, 44.8881309], [-0.9963191, 44.8877286], [-0.9969543, 44.886858], [-0.9977298, 44.8862881], [-0.9986459, 44.8860192], [-1.0007771, 44.8855643], [-1.0041235, 44.8849236], [-1.0073334, 44.8846129], [-1.0104069, 44.8846322], [-1.0134012, 44.8846597], [-1.0163165, 44.8846956], [-1.0191787, 44.8832446], [-1.0219875, 44.8803068], [-1.0234946, 44.8783391], [-1.0237002, 44.8773415], [-1.02411, 44.8759492], [-1.024724, 44.8741622], [-1.024895, 44.8722296], [-1.0246232, 44.8701516], [-1.0246426, 44.8690303], [-1.0249533, 44.8688655], [-1.0261111, 44.8675289], [-1.028116, 44.8650204], [-1.030315, 44.8640985], [-1.0327083, 44.8647632], [-1.034425, 44.8648681], [-1.0354652, 44.8644134], [-1.0366814, 44.8634234], [-1.0380738, 44.861898], [-1.0396179, 44.8607297], [-1.0413137, 44.8599183], [-1.0424396, 44.8588804], [-1.0429954, 44.8576159], [-1.041953, 44.856435], [-1.0393123, 44.8553376], [-1.0370894, 44.8543106], [-1.0352844, 44.8533541], [-1.0341782, 44.8530696], [-1.0337709, 44.8534572], [-1.032675, 44.8536309], [-1.0308907, 44.8535905], [-1.0286217, 44.8531422], [-1.025868, 44.8522861], [-1.023044, 44.8532347], [-1.0201493, 44.8559881], [-1.0178918, 44.8571396], [-1.0162715, 44.8566893], [-1.0142749, 44.8562796], [-1.0119018, 44.8559107], [-1.0078199, 44.8557225], [-1.0020293, 44.8557149], [-0.9972588, 44.8558528], [-0.9935085, 44.8561364], [-0.9901842, 44.8567695], [-0.987286, 44.8577521], [-0.9842498, 44.8584392], [-0.9810759, 44.8588306], [-0.9779031, 44.8588272], [-0.9747315, 44.8584289], [-0.9715327, 44.8578924], [-0.9683066, 44.8572178], [-0.9661213, 44.8571944], [-0.9649766, 44.8578225], [-0.9646286, 44.8590712], [-0.9650772, 44.8609407], [-0.9660091, 44.8626465], [-0.9674242, 44.8641887], [-0.9691257, 44.8655439], [-0.9711135, 44.8667123], [-0.9715694, 44.8679774], [-0.9704933, 44.8693394], [-0.9707326, 44.8706846], [-0.9722873, 44.8720129], [-0.9746446, 44.8724297], [-0.9778041, 44.871935], [-0.9807602, 44.8725224], [-0.9835131, 44.874192], [-0.9846249, 44.8753895], [-0.9840958, 44.8761147], [-0.9829085, 44.87712], [-0.9810631, 44.8784053], [-0.980484, 44.879356], [-0.9811714, 44.8799722], [-0.9825085, 44.880606], [-0.9844952, 44.8812573], [-0.9865053, 44.8816191], [-0.988539, 44.8816914], [-0.9894577, 44.8824553], [-0.9892615, 44.883911], [-0.9892124, 44.8852937]], [[-1.0837149, 44.8814019], [-1.0837797, 44.8829148], [-1.0847721, 44.8840282], [-1.0866924, 44.8847422], [-1.0877489, 44.8847731], [-1.0879417, 44.8841211], [-1.0876146, 44.8834958], [-1.0867678, 44.8828972], [-1.0863109, 44.8822283], [-1.0862439, 44.8814892], [-1.0861432, 44.8805814], [-1.0860087, 44.879505], [-1.0858516, 44.8785172], [-1.0856718, 44.8776178], [-1.0859398, 44.8770465], [-1.0866555, 44.8768031], [-1.0870676, 44.8767331], [-1.0871759, 44.8768366], [-1.0875329, 44.8771024], [-1.0881387, 44.8775307], [-1.0885783, 44.8778711], [-1.0888518, 44.8781236], [-1.0891773, 44.8782649], [-1.0895549, 44.8782951], [-1.0898909, 44.8783033], [-1.0901854, 44.8782895], [-1.09066, 44.8782477], [-1.0913149, 44.8781779], [-1.0921845, 44.8780676], [-1.093269, 44.8779168], [-1.0939431, 44.8776337], [-1.0942068, 44.8772184], [-1.0942679, 44.876719], [-1.0941264, 44.8761356], [-1.0940529, 44.8758408], [-1.0940475, 44.8758345], [-1.0940988, 44.8757047], [-1.0942069, 44.8754514], [-1.0947301, 44.875045], [-1.0956684, 44.8744858], [-1.0962451, 44.8739363], [-1.0964603, 44.8733967], [-1.0970199, 44.8729639], [-1.097924, 44.8726378], [-1.0984384, 44.8721811], [-1.0985632, 44.8715937], [-1.0986622, 44.8712727], [-1.0987353, 44.8712179], [-1.098744, 44.8710518], [-1.0986885, 44.8707744], [-1.0987197, 44.8705589], [-1.0988376, 44.8704055], [-1.0992518, 44.8701237], [-1.0999622, 44.8697135], [-1.1003335, 44.8695026], [-1.1003656, 44.869491], [-1.1001355, 44.8690859], [-1.099643, 44.8682874], [-1.0989337, 44.8677941], [-1.0980076, 44.8676058], [-1.09668, 44.8678335], [-1.094951, 44.8684772], [-1.0931433, 44.8687273], [-1.0912568, 44.868584], [-1.0902914, 44.868199], [-1.0902468, 44.8675722], [-1.0906092, 44.8667586], [-1.0913783, 44.8657581], [-1.0909215, 44.8650893], [-1.0892388, 44.864752], [-1.0874711, 44.8645959], [-1.0856185, 44.8646211], [-1.084754, 44.8649429], [-1.0848776, 44.8655612], [-1.0850011, 44.8661795], [-1.0851247, 44.8667978], [-1.0846888, 44.8676479], [-1.0836935, 44.8687298], [-1.0826959, 44.8698422], [-1.0816963, 44.8709851], [-1.0808028, 44.871552], [-1.0800156, 44.8715428], [-1.0794937, 44.8717015], [-1.079237, 44.872028], [-1.0791602, 44.8725114], [-1.0792633, 44.8731517], [-1.0792903, 44.8737209], [-1.0792412, 44.8742189], [-1.0791903, 44.87477], [-1.0791376, 44.875374], [-1.0792219, 44.8758579], [-1.0794432, 44.8762216], [-1.0795622, 44.8766313], [-1.0795789, 44.8770872], [-1.0796045, 44.8774012], [-1.079639, 44.8775736], [-1.0797863, 44.877701], [-1.0800465, 44.8777835], [-1.080192, 44.8778296], [-1.0802226, 44.8778394], [-1.0803625, 44.8780334], [-1.0806115, 44.8784117], [-1.0807543, 44.8788703], [-1.0807909, 44.8794093], [-1.0811428, 44.8798028], [-1.0818101, 44.880051], [-1.0822673, 44.8802093], [-1.0825145, 44.8802777], [-1.0826177, 44.8802406], [-1.0825769, 44.8800977], [-1.0827402, 44.8800155], [-1.0831075, 44.879994], [-1.083452, 44.8801069], [-1.083774, 44.8803543], [-1.0838718, 44.8805198], [-1.0837456, 44.8806036], [-1.0837149, 44.8814019]], [[-1.1273546, 44.8097454], [-1.1280242, 44.8098663], [-1.1286503, 44.809666], [-1.1292328, 44.8091444], [-1.1296712, 44.8088901], [-1.1299652, 44.8089031], [-1.130367, 44.8088304], [-1.1308766, 44.8086722], [-1.1312072, 44.8084516], [-1.1313587, 44.8081688], [-1.131449, 44.8079961], [-1.1314782, 44.8079338], [-1.1313312, 44.8077718], [-1.1310082, 44.8075101], [-1.1305089, 44.807408], [-1.1298334, 44.8074656], [-1.1294418, 44.8074853], [-1.1293341, 44.8074672], [-1.129107, 44.8074248], [-1.1287606, 44.8073582], [-1.1282336, 44.8073258], [-1.1275261, 44.8073275], [-1.1271199, 44.807482], [-1.1270149, 44.8077895], [-1.1269216, 44.8081032], [-1.1268399, 44.808423], [-1.126751, 44.8087065], [-1.1266548, 44.8089538], [-1.1267099, 44.8092293], [-1.1269165, 44.8095331], [-1.1273546, 44.8097454]], [[-1.0767832, 44.8801581], [-1.076571, 44.8808155], [-1.0767913, 44.8814023], [-1.0774645, 44.8809889], [-1.0781042, 44.880579], [-1.0788542, 44.8802062], [-1.0793306, 44.8796672], [-1.0793358, 44.8793493], [-1.0792164, 44.8787517], [-1.078659, 44.8787134], [-1.0779283, 44.8790109], [-1.0772455, 44.8793765], [-1.0767832, 44.8801581]]]}}, {"type": "Feature", "properties": {"id": "567357", "FIREDATE": "2026-07-23 13:55:00", "LASTUPDATE": "2026-07-24 09:02:50.290437", "COUNTRY": "FR", "PROVINCE": "Landes", "COMMUNE": "Biscarrosse", "AREA_HA": "3670", "BROADLEA": "1.9874761775115168", "CONIFER": "35.63844268989829", "MIXED": "12.659950993737745", "SCLEROPH": "0", "TRANSIT": "38.44268989926386", "OTHERNATLC": "0.4900626191124288", "AGRIAREAS": "3.457664034848803", "ARTIFSURF": "7.32371358562463", "OTHERLC": "0", "PERCNA2K": "1.6480853206989714", "CLASS": "7DAYS", "ts": 1784814900, "lu": 1784883770}, "geometry": {"type": "Polygon", "coordinates": [[[-1.1744651, 44.3762844], [-1.1734238, 44.3774502], [-1.1716901, 44.3785533], [-1.1698202, 44.378971], [-1.1687117, 44.3791392], [-1.1683643, 44.379058], [-1.1676864, 44.3792356], [-1.1666777, 44.3796719], [-1.1653762, 44.3800421], [-1.1637819, 44.3803463], [-1.1620932, 44.3807155], [-1.1603102, 44.3811499], [-1.1586107, 44.3815984], [-1.1569946, 44.3820612], [-1.1562768, 44.3829296], [-1.1562985, 44.383083], [-1.1549834, 44.3828821], [-1.1512162, 44.3813488], [-1.1501429, 44.3820757], [-1.1485936, 44.3822429], [-1.1466697, 44.3823632], [-1.1457501, 44.382637], [-1.1453912, 44.3838978], [-1.1463942, 44.3852734], [-1.148522, 44.3855675], [-1.1489435, 44.3865789], [-1.1492182, 44.3872381], [-1.149471, 44.3897422], [-1.1492213, 44.3902801], [-1.1487884, 44.3912124], [-1.1487696, 44.3929602], [-1.1491429, 44.3942292], [-1.1505054, 44.3940365], [-1.1512889, 44.394516], [-1.1545481, 44.3948677], [-1.1515415, 44.3965016], [-1.1498375, 44.397733], [-1.1477913, 44.4003105], [-1.1485387, 44.4022375], [-1.1491615, 44.4034428], [-1.1495638, 44.4035511], [-1.1500478, 44.4043655], [-1.1498384, 44.4051393], [-1.1490824, 44.4057987], [-1.1486764, 44.4059869], [-1.147447, 44.4064951], [-1.1467084, 44.4066326], [-1.1457791, 44.4058083], [-1.1457058, 44.4057566], [-1.1442391, 44.4065235], [-1.1424904, 44.4085566], [-1.143804, 44.4105013], [-1.1443097, 44.4119481], [-1.1453328, 44.4120967], [-1.146291, 44.4122534], [-1.1469529, 44.4122762], [-1.1488958, 44.4108592], [-1.1503027, 44.4081674], [-1.1514084, 44.4077906], [-1.1517003, 44.4083555], [-1.154574, 44.4136317], [-1.1534157, 44.4157973], [-1.1516663, 44.4157671], [-1.1494762, 44.4164582], [-1.1460649, 44.4179253], [-1.1416936, 44.4177524], [-1.1395413, 44.4175675], [-1.1369809, 44.4185256], [-1.135646, 44.4213983], [-1.1322103, 44.4240803], [-1.1323119, 44.4256612], [-1.1344039, 44.426876], [-1.1355507, 44.4267904], [-1.1364986, 44.4259682], [-1.1361466, 44.423391], [-1.1367853, 44.4212755], [-1.1401532, 44.4193207], [-1.1442434, 44.4196757], [-1.1464304, 44.4221687], [-1.1473184, 44.4218455], [-1.1503817, 44.4210224], [-1.1506632, 44.4211587], [-1.1524298, 44.4220142], [-1.1525673, 44.4221687], [-1.155395, 44.4217986], [-1.1547578, 44.4226762], [-1.1577177, 44.4227192], [-1.1590215, 44.4234502], [-1.1594194, 44.4234672], [-1.1593174, 44.4252716], [-1.1579285, 44.4253995], [-1.1571771, 44.4259859], [-1.1564023, 44.4272742], [-1.1552862, 44.4284828], [-1.1546341, 44.4295671], [-1.1535889, 44.4295368], [-1.152269, 44.4310915], [-1.1469951, 44.4318687], [-1.1458795, 44.4327977], [-1.1427651, 44.4347278], [-1.1404292, 44.4361753], [-1.1388719, 44.4371402], [-1.1373592, 44.4381494], [-1.1360851, 44.4373734], [-1.1340575, 44.4356049], [-1.1332295, 44.4340307], [-1.1346832, 44.4329038], [-1.1347202, 44.4321143], [-1.133865, 44.4307278], [-1.1311659, 44.4324046], [-1.1287636, 44.434604], [-1.1277779, 44.4364659], [-1.1288307, 44.4385243], [-1.1300498, 44.4375151], [-1.1302234, 44.4357868], [-1.1315489, 44.436291], [-1.1335752, 44.43903], [-1.133983, 44.4395605], [-1.134443, 44.4396499], [-1.1351119, 44.4408843], [-1.134582, 44.4424909], [-1.1328534, 44.4444696], [-1.1304316, 44.4455203], [-1.1283432, 44.4456843], [-1.125062, 44.4460374], [-1.1231518, 44.4460303], [-1.1177203, 44.4481639], [-1.1158869, 44.448361], [-1.1155605, 44.4483961], [-1.1129967, 44.4489451], [-1.1098264, 44.4502884], [-1.1060336, 44.4512731], [-1.1052394, 44.4512308], [-1.1028182, 44.4511019], [-1.1016635, 44.4497676], [-1.1017205, 44.4495224], [-1.101801, 44.4491756], [-1.1027759, 44.4480988], [-1.1024572, 44.4471304], [-1.1012009, 44.4463539], [-1.0997016, 44.4454211], [-1.0994684, 44.4449954], [-1.0991044, 44.4443308], [-1.0995694, 44.4430352], [-1.1009823, 44.4424582], [-1.1019361, 44.4423101], [-1.1087238, 44.4375336], [-1.1121152, 44.4339557], [-1.1117018, 44.4318651], [-1.1110455, 44.4293064], [-1.1101464, 44.4262797], [-1.1089531, 44.4232847], [-1.108528, 44.4224377], [-1.108964, 44.4207265], [-1.1105722, 44.4165387], [-1.1090746, 44.4157396], [-1.1063665, 44.4155943], [-1.105479, 44.4155546], [-1.1051583, 44.4151339], [-1.1028067, 44.4154531], [-1.0977821, 44.4152945], [-1.0963871, 44.414397], [-1.0970386, 44.412145], [-1.1002302, 44.4101385], [-1.1001847, 44.410038], [-1.1000586, 44.4084651], [-1.0999921, 44.4069601], [-1.0999851, 44.4055231], [-1.1000377, 44.404154], [-1.1001498, 44.402853], [-1.1005167, 44.4014997], [-1.1011384, 44.4000943], [-1.1015836, 44.3992123], [-1.1018524, 44.3988536], [-1.1014262, 44.3979255], [-1.100305, 44.3964282], [-1.1002978, 44.3963002], [-1.1026399, 44.3948729], [-1.1075489, 44.3919887], [-1.1050151, 44.3902536], [-1.1030763, 44.3890655], [-1.1023967, 44.3890734], [-1.101226, 44.3882421], [-1.0970274, 44.3870584], [-1.0944506, 44.3864609], [-1.0934955, 44.3864496], [-1.0923401, 44.3866306], [-1.0922824, 44.3866465], [-1.0908912, 44.3865341], [-1.0898857, 44.3869911], [-1.0870552, 44.3888203], [-1.0856747, 44.3897123], [-1.0857271, 44.388913], [-1.0860092, 44.3846143], [-1.0830124, 44.3848485], [-1.0820042, 44.3865277], [-1.0814877, 44.3882606], [-1.081198, 44.3892325], [-1.0785126, 44.3891675], [-1.0780986, 44.3895649], [-1.0760369, 44.3902224], [-1.0730654, 44.3868753], [-1.0729886, 44.3833924], [-1.074356, 44.3810639], [-1.0752826, 44.3806769], [-1.0753297, 44.3800861], [-1.0762025, 44.3772596], [-1.0778107, 44.3733294], [-1.0811482, 44.3705231], [-1.0862148, 44.3688406], [-1.0934223, 44.3679528], [-1.1027709, 44.3678593], [-1.1107416, 44.3684255], [-1.1173346, 44.369652], [-1.1190055, 44.3696297], [-1.1210137, 44.3715762], [-1.1219894, 44.3717523], [-1.1235989, 44.373416], [-1.1263042, 44.374172], [-1.1279209, 44.374347], [-1.1312762, 44.3728507], [-1.1372637, 44.3696068], [-1.1409528, 44.36832], [-1.1424088, 44.3673458], [-1.1427827, 44.3675534], [-1.1433343, 44.3675791], [-1.1436182, 44.3671757], [-1.1441738, 44.3667427], [-1.1450012, 44.3662798], [-1.1460749, 44.3658234], [-1.1473949, 44.3653733], [-1.1489226, 44.3649667], [-1.150658, 44.3646035], [-1.1526011, 44.3642838], [-1.1547519, 44.3640076], [-1.1567376, 44.3639029], [-1.1585582, 44.3639699], [-1.1602137, 44.3642085], [-1.1617042, 44.3646187], [-1.1628926, 44.3650505], [-1.1637791, 44.365504], [-1.1643634, 44.3659792], [-1.1646458, 44.366476], [-1.1650223, 44.3670615], [-1.165493, 44.3677357], [-1.1660579, 44.3684986], [-1.1667171, 44.3693502], [-1.1674662, 44.3701151], [-1.1683055, 44.3707934], [-1.1692348, 44.3713851], [-1.1702541, 44.3718901], [-1.1707728, 44.3721534], [-1.1707907, 44.3721752], [-1.1709782, 44.372222], [-1.1714602, 44.3731048], [-1.1725023, 44.3747248], [-1.1740486, 44.3761078], [-1.1744651, 44.3762844]]]}}]}